"MASS","PLUM","P1","P2","P3","P4","P5","P6","P7","P8","P9","P10","KOOI","DAG","MAAND","JAAR","WEEKNR","CODE","DATE","jdate","PTOT"
120,1,5,5,5,5,5,5,5,5,5,5,"  8",15,11,1994,46,"k183",1994-11-15,318,50
124,1,5,5,5,5,5,5,5,5,5,5,"  8",22,11,1994,47,"k183",1994-11-22,325,50
130,1,5,5,5,5,5,5,5,5,5,5,"  8",29,11,1994,48,"k183",1994-11-29,332,50
136,1,5,5,5,5,5,5,5,5,5,5,"  8",6,12,1994,49,"k183",1994-12-06,339,50
135,1,5,5,5,5,5,5,5,5,5,5,"  8",13,12,1994,50,"k183",1994-12-13,346,50
133,1,5,5,5,5,5,5,5,5,5,5,"  8",20,12,1994,51,"k183",1994-12-20,353,50
137,1,5,5,5,5,5,5,5,5,5,5,"  8",27,12,1994,52,"k183",1994-12-27,360,50
139,1,0,0,0,0,0,0,0,0,0,0,"  8",3,1,1995,1,"k183",1995-01-03,2,0
141,1,0,0,0,0,0,0,0,0,0,0,"  8",10,1,1995,2,"k183",1995-01-10,9,0
135,1,0,0,0,0,0,0,0,0,0,0,"  8",17,1,1995,3,"k183",1995-01-17,16,0
142,1,0,0,0,0,0,0,0,0,0,0,"  8",24,1,1995,4,"k183",1995-01-24,23,0
140,1,0,0,0,0,0,0,0,0,0,0,"  8",31,1,1995,5,"k183",1995-01-31,30,0
138,1,0,0,0,0,0,0,0,0,0,0,"  8",7,2,1995,6,"k183",1995-02-07,37,0
132,1,0,0,0,0,0,0,0,0,0,0,"  8",14,2,1995,7,"k183",1995-02-14,44,0
135,1,0,0,0,0,0,0,0,0,0,0,"  8",21,2,1995,8,"k183",1995-02-21,51,0
132,1,0,0,0,0,0,0,0,0,0,0,"  8",28,2,1995,9,"k183",1995-02-28,58,0
131,1,0,0,0,0,0,0,0,0,0,0,"  8",7,3,1995,10,"k183",1995-03-07,65,0
121,1,0,0,0,0,0,0,0,0,0,0,"  8",14,3,1995,11,"k183",1995-03-14,72,0
121,1,0,0,0,0,0,0,0,0,0,0,"  8",21,3,1995,12,"k183",1995-03-21,79,0
123,1,0,0,0,0,0,0,0,0,0,0,"  8",28,3,1995,13,"k183",1995-03-28,86,0
120,1,0,0,0,0,0,0,0,0,0,0,"  8",4,4,1995,14,"k183",1995-04-04,93,0
122,1,0,0,0,0,0,0,0,0,0,0,"  8",11,4,1995,15,"k183",1995-04-11,100,0
122,1,0,0,0,0,0,0,0,0,0,0,"  8",18,4,1995,16,"k183",1995-04-18,107,0
117,1,0,0,0,0,0,0,0,0,0,0,"  8",25,4,1995,17,"k183",1995-04-25,114,0
126,1,0,0,0,0,0,0,0,0,0,0,"  8",2,5,1995,18,"k183",1995-05-02,121,0
144,1,0,0,0,0,0,0,0,0,0,0,"  8",9,5,1995,19,"k183",1995-05-09,128,0
154,2,0,0,0,0,0,0,0,0,0,0,"  8",16,5,1995,20,"k183",1995-05-16,135,0
160,2,0,0,0,0,0,0,0,0,0,0,"  8",23,5,1995,21,"k183",1995-05-23,142,0
178,2,0,0,0,0,0,0,0,0,0,0,"  8",31,5,1995,22,"k183",1995-05-31,150,0
185,2,0,0,0,0,0,0,0,0,0,0,"  8",6,6,1995,23,"k183",1995-06-06,156,0
180,2,0,0,0,0,0,0,0,0,0,0,"  8",13,6,1995,24,"k183",1995-06-13,163,0
148,2,0,0,0,0,0,0,0,0,0,0,"  8",20,6,1995,25,"k183",1995-06-20,170,0
114,5,0,0,0,0,0,0,0,0,0,0,"  8",27,6,1995,26,"k183",1995-06-27,177,0
113,2,0,0,0,0,0,0,0,0,0,0,"  8",4,7,1995,27,"k183",1995-07-04,184,0
109,2,0,0,0,0,0,0,0,0,0,0,"  8",11,7,1995,28,"k183",1995-07-11,191,0
116,2,0,0,0,0,0,0,0,0,0,0,"  8",19,7,1995,29,"k183",1995-07-19,199,0
114,2,0,0,0,0,0,0,0,0,0,0,"  8",25,7,1995,30,"k183",1995-07-25,205,0
115,2,0,0,0,0,0,0,0,0,0,0,"  8",1,8,1995,31,"k183",1995-08-01,212,0
121,2,0,0,0,0,0,0,0,0,0,0,"  8",8,8,1995,32,"k183",1995-08-08,219,0
122,2,0,0,0,0,0,0,0,0,0,0,"  8",15,8,1995,33,"k183",1995-08-15,226,0
124,2,0,0,0,0,0,0,0,0,0,0,"  8",22,8,1995,34,"k183",1995-08-22,233,0
130,2,0,0,0,0,0,0,0,0,0,0,"  8",29,8,1995,35,"k183",1995-08-29,240,0
123,1,0,0,0,0,0,0,0,0,0,0,"  8",5,9,1995,36,"k183",1995-09-05,247,0
127,1,1,1,1,1,0,0,0,0,0,0,"  8",12,9,1995,37,"k183",1995-09-12,254,4
127,1,4,2,1,1,0,0,0,0,0,0,"  8",19,9,1995,38,"k183",1995-09-19,261,8
131,2,5,5,5,3,0,0,0,0,0,0,"  8",26,9,1995,39,"k183",1995-09-26,268,18
130,2,5,5,5,4,1,0,0,0,0,0,"  8",3,10,1995,40,"k183",1995-10-03,275,20
131,2,5,5,5,5,3,0,0,0,0,0,"  8",10,10,1995,41,"k183",1995-10-10,282,23
131,2,5,5,5,5,5,1,0,0,0,0,"  8",17,10,1995,42,"k183",1995-10-17,289,26
130,2,5,5,5,5,5,1,0,0,0,0,"  8",24,10,1995,43,"k183",1995-10-24,296,26
133,2,5,5,5,5,5,4,1,0,0,0,"  8",31,10,1995,44,"k183",1995-10-31,303,30
134,2,5,5,5,5,5,5,1,0,0,0,"  8",8,11,1995,45,"k183",1995-11-08,311,31
141,1,5,5,5,5,5,5,3,0,0,0,"  8",14,11,1995,46,"k183",1995-11-14,317,33
124,1,5,5,5,5,5,5,4,1,0,0,"  8",22,11,1995,47,"k183",1995-11-22,325,35
120,1,5,5,5,5,5,5,5,2,1,0,"  8",28,11,1995,48,"k183",1995-11-28,331,38
120,1,5,5,5,5,5,5,5,4,2,1,"  8",5,12,1995,49,"k183",1995-12-05,338,42
121,1,5,5,5,5,5,5,5,5,4,3,"  8",13,12,1995,50,"k183",1995-12-13,346,47
123,1,5,5,5,5,5,5,5,5,4,4,"  8",19,12,1995,51,"k183",1995-12-19,352,48
127,1,0,0,0,0,0,0,0,0,0,0,"  8",2,1,1996,1,"k183",1996-01-02,1,0
126,1,0,0,0,0,0,0,0,0,0,0,"  8",9,1,1996,2,"k183",1996-01-09,8,0
123,1,0,0,0,0,0,0,0,0,0,0,"  8",16,1,1996,3,"k183",1996-01-16,15,0
125,1,0,0,0,0,0,0,0,0,0,0,"  8",23,1,1996,4,"k183",1996-01-23,22,0
120,1,0,0,0,0,0,0,0,0,0,0,"  8",30,1,1996,5,"k183",1996-01-30,29,0
116,1,0,0,0,0,0,0,0,0,0,0,"  8",6,2,1996,6,"k183",1996-02-06,36,0
112,1,0,0,0,0,0,0,0,0,0,0,"  8",13,2,1996,7,"k183",1996-02-13,43,0
114,1,0,0,0,0,0,0,0,0,0,0,"  8",20,2,1996,8,"k183",1996-02-20,50,0
110,1,0,0,0,0,0,0,0,0,0,0,"  8",27,2,1996,9,"k183",1996-02-27,57,0
112,1,0,0,0,0,0,0,0,0,0,0,"  8",5,3,1996,10,"k183",1996-03-05,64,0
113,1,0,0,0,0,0,0,0,0,0,0,"  8",12,3,1996,11,"k183",1996-03-12,71,0
113,1,0,0,0,0,0,0,0,0,0,0,"  8",19,3,1996,12,"k183",1996-03-19,78,0
113,1,0,0,0,0,0,0,0,0,0,0,"  8",26,3,1996,13,"k183",1996-03-26,85,0
114,2,0,0,0,0,0,0,0,0,0,0,"  8",2,4,1996,14,"k183",1996-04-02,92,0
119,3,0,0,0,0,0,0,0,0,0,0,"  8",10,4,1996,15,"k183",1996-04-10,100,0
118,4,0,0,0,0,0,0,0,0,0,0,"  8",16,4,1996,16,"k183",1996-04-16,106,0
121,3,0,0,0,0,0,0,0,0,0,0,"  8",23,4,1996,17,"k183",1996-04-23,113,0
131,3,0,0,0,0,0,0,0,0,0,0,"  8",1,5,1996,18,"k183",1996-05-01,121,0
144,3,0,0,0,0,0,0,0,0,0,0,"  8",7,5,1996,19,"k183",1996-05-07,127,0
157,3,0,0,0,0,0,0,0,0,0,0,"  8",15,5,1996,20,"k183",1996-05-15,135,0
168,2,0,0,0,0,0,0,0,0,0,0,"  8",21,5,1996,21,"k183",1996-05-21,141,0
188,3,0,0,0,0,0,0,0,0,0,0,"  8",28,5,1996,22,"k183",1996-05-28,148,0
194,3,0,0,0,0,0,0,0,0,0,0,"  8",4,6,1996,23,"k183",1996-06-04,155,0
190,3,0,0,0,0,0,0,0,0,0,0,"  8",11,6,1996,24,"k183",1996-06-11,162,0
171,3,0,0,0,0,0,0,0,0,0,0,"  8",18,6,1996,25,"k183",1996-06-18,169,0
128,2,0,0,0,0,0,0,0,0,0,0,"  8",25,6,1996,26,"k183",1996-06-25,176,0
122,2,0,0,0,0,0,0,0,0,0,0,"  8",1,7,1996,26,"k183",1996-07-01,182,0
140,3,0,0,0,0,0,0,0,0,0,0,"  8",10,7,1996,28,"k183",1996-07-10,191,0
123,3,0,0,0,0,0,0,0,0,0,0,"  8",18,7,1996,29,"k183",1996-07-18,199,0
123,3,0,0,0,0,0,0,0,0,0,0,"  8",23,7,1996,30,"k183",1996-07-23,204,0
127,3,0,0,0,0,0,0,0,0,0,0,"  8",30,7,1996,31,"k183",1996-07-30,211,0
123,3,0,0,0,0,0,0,0,0,0,0,"  8",7,8,1996,32,"k183",1996-08-07,219,0
125,3,0,0,0,0,0,0,0,0,0,0,"  8",14,8,1996,33,"k183",1996-08-14,226,0
121,2,0,0,0,0,0,0,0,0,0,0,"  8",20,8,1996,34,"k183",1996-08-20,232,0
125,2,0,0,0,0,0,0,0,0,0,0,"  8",27,8,1996,35,"k183",1996-08-27,239,0
128,3,0,0,0,0,0,0,0,0,0,0,"  8",3,9,1996,36,"k183",1996-09-03,246,0
130,3,1,1,0,0,0,0,0,0,0,0,"  8",10,9,1996,37,"k183",1996-09-10,253,2
130,3,3,5,3,0,0,0,0,0,0,0,"  8",17,9,1996,38,"k183",1996-09-17,260,11
132,3,5,5,5,1,0,0,0,0,0,0,"  8",25,9,1996,39,"k183",1996-09-25,268,16
131,3,5,5,5,3,1,0,0,0,0,0,"  8",1,10,1996,40,"k183",1996-10-01,274,19
135,3,5,5,5,5,4,0,0,0,0,0,"  8",8,10,1996,41,"k183",1996-10-08,281,24
132,2,5,5,5,5,5,1,0,0,0,0,"  8",15,10,1996,42,"k183",1996-10-15,288,26
130,2,5,5,5,5,4,0,0,0,0,0,"  8",22,10,1996,43,"k183",1996-10-22,295,24
135,2,5,5,5,5,5,1,0,0,0,0,"  8",29,10,1996,44,"k183",1996-10-29,302,26
136,2,5,5,5,5,5,5,2,0,0,0,"  8",5,11,1996,45,"k183",1996-11-05,309,32
133,2,5,5,5,5,5,5,1,0,0,0,"  8",12,11,1996,46,"k183",1996-11-12,316,31
117,2,5,5,5,5,5,5,3,1,0,0,"  8",19,11,1996,47,"k183",1996-11-19,323,34
115,2,5,5,5,5,5,5,5,1,0,0,"wu4",26,11,1996,48,"k183",1996-11-26,330,36
114,1,5,5,5,5,5,5,5,5,3,0,"wu4",3,12,1996,49,"k183",1996-12-03,337,43
106,1,5,5,5,5,5,5,5,5,2,1,"wu4",10,12,1996,50,"k183",1996-12-10,344,43
113,1,5,5,5,5,5,5,5,5,4,2,"wu4",18,12,1996,51,"k183",1996-12-18,352,46
119,1,5,5,5,5,5,5,5,5,4,3,"wu4",24,12,1996,52,"k183",1996-12-24,358,47
111,1,5,5,5,5,5,5,5,5,5,4,"wu4",31,12,1996,53,"k183",1996-12-31,365,49
115,1,0,0,0,0,0,0,0,0,0,0,"wu4",7,1,1997,1,"k183",1997-01-07,6,0
115,1,0,0,0,0,0,0,0,0,0,4,"wu4",14,1,1997,2,"k183",1997-01-14,13,4
117,2,0,0,0,0,0,0,0,0,0,0,"wu4",21,1,1997,3,"k183",1997-01-21,20,0
117,2,0,0,0,0,0,0,0,0,0,0,"wu4",28,1,1997,4,"k183",1997-01-28,27,0
111,2,0,0,0,0,0,0,0,0,0,0,"wu4",4,2,1997,5,"k183",1997-02-04,34,0
114,3,0,0,0,0,0,0,0,0,0,0,"wu4",11,2,1997,6,"k183",1997-02-11,41,0
112,3,0,0,0,0,0,0,0,0,0,0,"wu4",18,2,1997,7,"k183",1997-02-18,48,0
112,1,0,0,0,0,0,0,0,0,0,0,"wu4",25,2,1997,8,"k183",1997-02-25,55,0
113,3,0,0,0,0,0,0,0,0,0,0,"wu4",4,3,1997,9,"k183",1997-03-04,62,0
108,3,0,0,0,0,0,0,0,0,0,0,"wu4",11,3,1997,10,"k183",1997-03-11,69,0
111,3,0,0,0,0,0,0,0,0,0,0,"wu4",18,3,1997,11,"k183",1997-03-18,76,0
107,4,0,0,0,0,0,0,0,0,0,0,"wu4",25,3,1997,12,"k183",1997-03-25,83,0
108,4,0,0,0,0,0,0,0,0,0,0,"wu4",1,4,1997,13,"k183",1997-04-01,90,0
108,4,0,0,0,0,0,0,0,0,0,0,"wu4",8,4,1997,14,"k183",1997-04-08,97,0
115,5,0,0,0,0,0,0,0,0,0,0,"wu4",22,4,1997,16,"k183",1997-04-22,111,0
119,6,0,0,0,0,0,0,0,0,0,0,"wu4",29,4,1997,17,"k183",1997-04-29,118,0
129,6,0,0,0,0,0,0,0,0,0,0,"wu4",6,5,1997,18,"k183",1997-05-06,125,0
147,7,0,0,0,0,0,0,0,0,0,0,"wu4",13,5,1997,19,"k183",1997-05-13,132,0
146,6,0,0,0,0,0,0,0,0,0,0,"wu4",20,5,1997,20,"k183",1997-05-20,139,0
149,7,0,0,0,0,0,0,0,0,0,0,"wu4",27,5,1997,21,"k183",1997-05-27,146,0
153,6,0,0,0,0,0,0,0,0,0,0,"wu4",3,6,1997,22,"k183",1997-06-03,153,0
159,7,0,0,0,0,0,0,0,0,0,0,"wu4",10,6,1997,23,"k183",1997-06-10,160,0
168,7,0,0,0,0,0,0,0,0,0,0,"wu4",17,6,1997,24,"k183",1997-06-17,167,0
181,7,0,0,0,0,0,0,0,0,0,0,"wu4",24,6,1997,25,"k183",1997-06-24,174,0
191,7,0,0,0,0,0,0,0,0,0,0,"wu4",1,7,1997,26,"k183",1997-07-01,181,0
193,7,0,0,0,0,0,0,0,0,0,0,"wu4",8,7,1997,27,"k183",1997-07-08,188,0
193,7,0,0,0,0,0,0,0,0,0,0,"wu4",15,7,1997,28,"k183",1997-07-15,195,0
195,7,0,0,0,0,0,0,0,0,0,0,"wu4",22,7,1997,29,"k183",1997-07-22,202,0
193,7,0,0,0,0,0,0,0,0,0,0,"wu4",29,7,1997,30,"k183",1997-07-29,209,0
188,6,0,0,0,0,0,0,0,0,0,0,"wu4",5,8,1997,31,"k183",1997-08-05,216,0
166,6,0,0,0,0,0,0,0,0,0,0,"wu4",12,8,1997,32,"k183",1997-08-12,223,0
122,6,0,0,0,0,0,0,0,0,0,0,"wu4",19,8,1997,33,"k183",1997-08-19,230,0
117,6,0,0,0,0,0,0,0,0,0,0,"wu4",26,8,1997,34,"k183",1997-08-26,237,0
115,6,0,0,0,0,0,0,0,0,0,0,"wu4",2,9,1997,35,"k183",1997-09-02,244,0
114,6,1,1,1,0,0,0,0,0,0,0,"wu4",9,9,1997,36,"k183",1997-09-09,251,3
113,6,3,2,2,1,0,0,0,0,0,0,"wu4",16,9,1997,37,"k183",1997-09-16,258,8
110,5,5,5,5,4,1,1,0,0,0,0,"wu4",23,9,1997,38,"k183",1997-09-23,265,21
113,3,5,5,5,5,4,2,1,0,0,0,"wu4",30,9,1997,39,"k183",1997-09-30,272,27
111,3,5,5,5,5,5,4,1,0,0,0,"wu4",7,10,1997,40,"k183",1997-10-07,279,30
110,3,5,5,5,5,5,5,3,1,0,0,"wu4",14,10,1997,41,"k183",1997-10-14,286,34
113,3,5,5,5,5,5,5,4,2,0,0,"wu4",21,10,1997,42,"k183",1997-10-21,293,36
111,3,5,5,5,5,5,5,5,4,1,0,"wu4",28,10,1997,43,"k183",1997-10-28,300,40
109,2,5,5,5,5,5,5,5,5,3,1,"wu4",4,11,1997,44,"k183",1997-11-04,307,44
111,2,5,5,5,5,5,5,5,5,4,2,"wu4",11,11,1997,45,"k183",1997-11-11,314,46
113,2,5,5,5,5,5,5,5,5,5,3,"wu4",18,11,1997,46,"k183",1997-11-18,321,48
112,2,5,5,5,5,5,5,5,5,5,4,"wu4",25,11,1997,47,"k183",1997-11-25,328,49
117,3,5,5,5,5,5,5,5,5,5,4,"wu4",2,12,1997,48,"k183",1997-12-02,335,49
114,4,5,5,5,5,5,5,5,5,5,5,"wu4",9,12,1997,49,"k183",1997-12-09,342,50
111,4,5,5,5,5,5,5,5,5,5,5,"wu4",16,12,1997,50,"k183",1997-12-16,349,50
112,5,5,5,5,5,5,5,5,5,5,5,"wu4",23,12,1997,51,"k183",1997-12-23,356,50
111,5,5,5,5,5,5,5,5,5,5,5,"wu4",30,12,1997,52,"k183",1997-12-30,363,50
112,5,5,5,5,5,5,5,5,5,5,5,"wu4",6,1,1998,1,"k183",1998-01-06,5,50
115,5,5,5,5,5,5,5,5,5,5,5,"wu4",13,1,1998,2,"k183",1998-01-13,12,50
116,5,5,5,5,5,5,5,5,5,5,5,"wu4",20,1,1998,3,"k183",1998-01-20,19,50
115,5,5,5,5,5,5,5,5,5,5,5,"wu4",27,1,1998,4,"k183",1998-01-27,26,50
115,6,5,5,5,5,5,5,5,5,5,5,"wu4",4,2,1998,5,"k183",1998-02-04,34,50
113,6,5,5,5,5,5,5,5,5,5,5,"wu4",10,2,1998,6,"k183",1998-02-10,40,50
116,6,5,5,5,5,5,5,5,5,5,5,"wu4",17,2,1998,7,"k183",1998-02-17,47,50
114,5,5,5,5,5,5,5,5,5,5,5,"wu4",24,2,1998,8,"k183",1998-02-24,54,50
116,6,5,5,5,5,5,5,5,5,5,5,"wu4",3,3,1998,9,"k183",1998-03-03,61,50
114,6,5,5,5,5,5,5,5,5,5,5,"wu4",10,3,1998,10,"k183",1998-03-10,68,50
115,6,5,5,5,5,5,5,5,5,5,5,"wu4",17,3,1998,11,"k183",1998-03-17,75,50
112,6,5,5,5,5,5,5,5,5,5,5,"wu4",24,3,1998,13,"k183",1998-03-24,82,50
108,6,5,5,5,5,5,5,5,5,5,5,"wu4",31,3,1998,14,"k183",1998-03-31,89,50
110,6,5,5,5,5,5,5,5,5,5,5,"wu4",7,4,1998,15,"k183",1998-04-07,96,50
110,6,5,5,5,5,5,5,5,5,5,5,"wu4",14,4,1998,16,"k183",1998-04-14,103,50
111,6,5,5,5,5,5,5,5,5,5,5,"wu4",21,4,1998,17,"k183",1998-04-21,110,50
123,7,5,5,5,5,5,5,5,5,5,5,"wu4",28,4,1998,18,"k183",1998-04-28,117,50
131,7,5,5,5,5,5,5,5,5,5,5,"wu4",6,5,1998,19,"k183",1998-05-06,125,50
127,7,5,5,5,5,5,5,5,5,5,5,"wu4",12,5,1998,20,"k183",1998-05-12,131,50
136,7,0,0,0,0,0,0,0,0,0,0,"wu4",19,5,1998,21,"k183",1998-05-19,138,0
149,7,0,0,0,0,0,0,0,0,0,0,"wu4",26,5,1998,22,"k183",1998-05-26,145,0
145,7,0,0,0,0,0,0,0,0,0,0,"wu4",2,6,1998,23,"k183",1998-06-02,152,0
150,7,0,0,0,0,0,0,0,0,0,0,"wu4",9,6,1998,24,"k183",1998-06-09,159,0
151,7,0,0,0,0,0,0,0,0,0,0,"wu4",16,6,1998,25,"k183",1998-06-16,166,0
151,7,0,0,0,0,0,0,0,0,0,0,"wu4",23,6,1998,26,"k183",1998-06-23,173,0
155,7,0,0,0,0,0,0,0,0,0,0,"wu4",30,6,1998,27,"k183",1998-06-30,180,0
162,7,0,0,0,0,0,0,0,0,0,0,"wu4",7,7,1998,28,"k183",1998-07-07,187,0
171,7,0,0,0,0,0,0,0,0,0,0,"wu4",14,7,1998,29,"k183",1998-07-14,194,0
182,7,0,0,0,0,0,0,0,0,0,0,"wu4",21,7,1998,30,"k183",1998-07-21,201,0
188,7,0,0,0,0,0,0,0,0,0,0,"wu4",28,7,1998,31,"k183",1998-07-28,208,0
192,7,0,0,0,0,0,0,0,0,0,0,"wu4",4,8,1998,32,"k183",1998-08-04,215,0
195,7,0,0,0,0,0,0,0,0,0,0,"wu4",11,8,1998,33,"k183",1998-08-11,222,0
188,7,0,0,0,0,0,0,0,0,0,0,"wu4",18,8,1998,34,"k183",1998-08-18,229,0
190,7,0,0,0,0,0,0,0,0,0,0,"wu4",25,8,1998,35,"k183",1998-08-25,236,0
187,7,0,0,0,0,0,0,0,0,0,0,"wu4",1,9,1998,36,"k183",1998-09-01,243,0
175,7,0,0,0,0,0,0,0,0,0,0,"wu4",8,9,1998,37,"k183",1998-09-08,250,0
155,7,0,0,0,0,0,0,0,0,0,0,"wu4",15,9,1998,38,"k183",1998-09-15,257,0
114,6,0,0,0,0,0,0,0,0,0,0,"wu4",22,9,1998,39,"k183",1998-09-22,264,0
119,6,0,0,0,0,0,0,0,0,0,0,"wu4",29,9,1998,40,"k183",1998-09-29,271,0
116,6,0,0,0,0,0,0,0,0,0,0,"wu4",6,10,1998,41,"k183",1998-10-06,278,0
111,5,1,0,0,0,0,0,0,0,0,0,"wu4",13,10,1998,42,"k183",1998-10-13,285,1
110,5,1,2,1,1,0,0,0,0,0,0,"wu4",20,10,1998,43,"k183",1998-10-20,292,5
109,4,4,4,4,2,1,0,0,0,0,0,"wu4",27,10,1998,44,"k183",1998-10-27,299,15
110,5,5,5,5,4,1,1,0,0,0,0,"wu4",3,11,1998,45,"k183",1998-11-03,306,21
100,4,5,5,5,5,4,2,0,0,0,0,"wu4",10,11,1998,46,"k183",1998-11-10,313,26
112,4,5,5,5,5,5,4,1,1,0,0,"wu4",17,11,1998,47,"k183",1998-11-17,320,31
114,6,5,5,5,5,5,5,4,1,0,0,"wu4",24,11,1998,48,"k183",1998-11-24,327,35
112,4,5,5,5,5,5,5,4,3,1,0,"wu4",1,12,1998,49,"k183",1998-12-01,334,38
107,3,5,5,5,5,5,5,5,4,2,1,"wu4",8,12,1998,50,"k183",1998-12-08,341,42
115,3,5,5,5,5,5,5,5,5,4,2,"wu4",15,12,1998,51,"k183",1998-12-15,348,46
111,4,5,5,5,5,5,5,5,5,4,3,"wu4",22,12,1998,52,"k183",1998-12-22,355,47
113,4,5,5,5,5,5,5,5,5,5,4,"wu4",29,12,1998,53,"k183",1998-12-29,362,49
114,6,5,5,5,5,5,5,5,5,5,4,"wu4",5,1,1999,1,"k183",1999-01-05,4,49
111,7,5,5,5,5,5,5,5,5,5,5,"wu4",12,1,1999,2,"k183",1999-01-12,11,50
122,6,5,5,5,5,5,5,5,5,5,5,"wu4",19,1,1999,3,"k183",1999-01-19,18,50
123,7,5,5,5,5,5,5,5,5,5,5,"wu4",26,1,1999,4,"k183",1999-01-26,25,50
122,7,5,5,5,5,5,5,5,5,5,5,"wu4",2,2,1999,5,"k183",1999-02-02,32,50
126,7,5,5,5,5,5,5,5,5,5,5,"wu4",8,2,1999,6,"k183",1999-02-08,38,50
123,7,5,5,5,5,5,5,5,5,5,5,"wu4",16,2,1999,7,"k183",1999-02-16,46,50
124,7,5,5,5,5,5,5,5,5,5,5,"wu4",23,2,1999,8,"k183",1999-02-23,53,50
119,7,5,5,5,5,5,5,5,5,5,5,"wu4",2,3,1999,9,"k183",1999-03-02,60,50
120,7,5,5,5,5,5,5,5,5,5,5,"wu4",9,3,1999,10,"k183",1999-03-09,67,50
116,7,5,5,5,5,5,5,5,5,5,5,"wu4",17,3,1999,11,"k183",1999-03-17,75,50
117,7,5,5,5,5,5,5,5,5,5,5,"wu4",23,3,1999,12,"k183",1999-03-23,81,50
122,7,5,5,5,5,5,5,5,5,5,5,"wu4",30,3,1999,13,"k183",1999-03-30,88,50
117,7,5,5,5,5,5,5,5,5,5,5,"wu4",6,4,1999,14,"k183",1999-04-06,95,50
120,7,5,5,5,5,5,5,5,5,5,5,"wu4",13,4,1999,15,"k183",1999-04-13,102,50
124,7,5,5,5,5,5,5,5,5,5,5,"wu4",20,4,1999,16,"k183",1999-04-20,109,50
123,7,5,5,5,5,5,5,5,5,5,5,"wu4",27,4,1999,17,"k183",1999-04-27,116,50
126,7,5,5,5,5,5,5,5,5,5,5,"wu4",4,5,1999,18,"k183",1999-05-04,123,50
127,7,5,5,5,5,5,5,5,5,5,5,"wu4",11,5,1999,19,"k183",1999-05-11,130,50
135,7,5,5,5,5,5,5,5,5,5,5,"wu4",18,5,1999,20,"k183",1999-05-18,137,50
144,7,5,5,5,5,5,5,5,5,5,5,"wu4",25,5,1999,21,"k183",1999-05-25,144,50
146,7,5,5,5,5,5,5,5,5,5,5,"wu4",1,6,1999,22,"k183",1999-06-01,151,50
151,7,5,5,5,5,5,5,5,5,5,5,"wu4",8,6,1999,23,"k183",1999-06-08,158,50
150,7,5,5,5,5,5,5,5,5,5,5,"wu4",15,6,1999,24,"k183",1999-06-15,165,50
154,7,5,5,5,5,5,5,5,5,5,5,"wu4",22,6,1999,25,"k183",1999-06-22,172,50
154,7,0,0,0,0,0,0,0,0,0,0,"wu4",29,6,1999,26,"k183",1999-06-29,179,0
148,7,0,0,0,0,0,0,0,0,0,0,"wu4",6,7,1999,27,"k183",1999-07-06,186,0
150,7,0,0,0,0,0,0,0,0,0,0,"wu4",13,7,1999,28,"k183",1999-07-13,193,0
190,7,0,0,0,0,0,0,0,0,0,0,"wu4",14,7,1999,37,"k183",1999-07-14,194,0
152,7,0,0,0,0,0,0,0,0,0,0,"wu4",20,7,1999,29,"k183",1999-07-20,200,0
157,7,0,0,0,0,0,0,0,0,0,0,"wu4",27,7,1999,30,"k183",1999-07-27,207,0
160,7,0,0,0,0,0,0,0,0,0,0,"wu4",3,8,1999,31,"k183",1999-08-03,214,0
167,7,0,0,0,0,0,0,0,0,0,0,"wu4",10,8,1999,32,"k183",1999-08-10,221,0
175,7,0,0,0,0,0,0,0,0,0,0,"wu4",17,8,1999,33,"k183",1999-08-17,228,0
180,7,0,0,0,0,0,0,0,0,0,0,"wu4",24,8,1999,34,"k183",1999-08-24,235,0
181,7,0,0,0,0,0,0,0,0,0,0,"wu4",31,8,1999,35,"k183",1999-08-31,242,0
186,7,0,0,0,0,0,0,0,0,0,0,"wu4",7,9,1999,36,"k183",1999-09-07,249,0
189,7,0,0,0,0,0,0,0,0,0,0,"wu4",21,9,1999,38,"k183",1999-09-21,263,0
186,7,0,0,0,0,0,0,0,0,0,0,"wu4",28,9,1999,39,"k183",1999-09-28,270,0
182,6,0,0,0,0,0,0,0,0,0,0,"wu4",5,10,1999,40,"k183",1999-10-05,277,0
177,7,0,0,0,0,0,0,0,0,0,0,"wu4",12,10,1999,41,"k183",1999-10-12,284,0
172,7,0,0,0,0,0,0,0,0,0,0,"wu4",19,10,1999,42,"k183",1999-10-19,291,0
173,7,0,0,0,0,0,0,0,0,0,0,"wu4",26,10,1999,43,"k183",1999-10-26,298,0
163,7,0,0,0,0,0,0,0,0,0,0,"wu4",2,11,1999,44,"k183",1999-11-02,305,0
154,7,0,0,0,0,0,0,0,0,0,0,"wu4",9,11,1999,45,"k183",1999-11-09,312,0
156,7,0,0,0,0,0,0,0,0,0,0,"wu4",16,11,1999,46,"k183",1999-11-16,319,0
142,7,0,0,0,0,0,0,0,0,0,0,"wu4",23,11,1999,47,"k183",1999-11-23,326,0
128,6,1,0,0,0,0,0,0,0,0,0,"wu4",30,11,1999,48,"k183",1999-11-30,333,1
128,6,9,0,0,0,0,0,0,0,0,0,"wu4",30,11,1999,48,"k183",1999-11-30,333,9
121,6,0,9,9,0,0,0,0,0,0,0,"wu4",7,12,1999,49,"k183",1999-12-07,340,18
129,7,5,3,9,0,0,0,0,0,0,0,"wu4",14,12,1999,50,"k183",1999-12-14,347,17
133,7,5,4,9,0,0,0,0,0,0,0,"wu4",21,12,1999,51,"k183",1999-12-21,354,18
137,7,0,0,0,0,0,0,0,0,0,0,"wu4",28,12,1999,52,"k183",1999-12-28,361,0
134,7,0,0,0,0,0,0,0,0,0,0,"wu4",4,1,2000,1,"k183",2000-01-04,3,0
136,7,0,0,0,0,0,0,0,0,0,0,"wu4",11,1,2000,2,"k183",2000-01-11,10,0
134,7,0,0,0,0,0,0,0,0,0,0,"wu4",18,1,2000,3,"k183",2000-01-18,17,0
135,7,0,0,0,0,0,0,0,0,0,0,"wu4",25,1,2000,4,"k183",2000-01-25,24,0
132,7,5,5,5,0,0,0,0,0,0,0,"wu4",1,2,2000,5,"k183",2000-02-01,31,15
131,7,5,5,5,0,0,0,0,0,0,0,"wu4",8,2,2000,6,"k183",2000-02-08,38,15
132,7,0,0,0,0,0,0,0,0,0,0,"wu4",15,2,2000,7,"k183",2000-02-15,45,0
131,7,5,5,5,0,0,0,0,0,0,0,"wu4",22,2,2000,8,"k183",2000-02-22,52,15
131,7,5,5,5,0,0,0,0,0,0,0,"wu4",29,2,2000,9,"k183",2000-02-29,59,15
120,7,5,5,5,5,5,5,5,5,5,5,"wu4",7,3,2000,10,"k183",2000-03-07,66,50
129,7,5,5,5,0,0,0,0,0,0,0,"wu4",14,3,2000,11,"k183",2000-03-14,73,15
131,7,5,5,5,0,0,0,0,0,0,0,"wu4",21,3,2000,12,"k183",2000-03-21,80,15
126,7,5,5,5,0,0,0,0,0,0,0,"wu4",28,3,2000,13,"k183",2000-03-28,87,15
125,7,5,5,5,0,0,0,0,0,0,0,"wu4",4,4,2000,14,"k183",2000-04-04,94,15
126,7,5,5,5,0,0,0,0,0,0,0,"wu4",11,4,2000,15,"k183",2000-04-11,101,15
123,7,5,5,5,0,0,0,0,0,0,0,"wu4",18,4,2000,16,"k183",2000-04-18,108,15
120,7,5,5,5,0,0,0,0,0,0,0,"wu4",25,4,2000,17,"k183",2000-04-25,115,15
132,7,5,5,5,0,0,0,0,0,0,0,"wu4",2,5,2000,18,"k183",2000-05-02,122,15
125,7,5,5,5,0,0,0,0,0,0,0,"wu4",9,5,2000,19,"k183",2000-05-09,129,15
130,7,5,5,5,0,0,0,0,0,0,0,"wu4",16,5,2000,20,"k183",2000-05-16,136,15
136,7,5,5,5,0,0,0,0,0,0,0,"wu4",23,5,2000,21,"k183",2000-05-23,143,15
145,7,5,5,5,0,0,0,0,0,0,0,"wu4",30,5,2000,22,"k183",2000-05-30,150,15
144,7,5,5,5,0,0,0,0,0,0,0,"wu4",6,6,2000,23,"k183",2000-06-06,157,15
145,7,5,5,5,0,0,0,0,0,0,0,"wu4",13,6,2000,24,"k183",2000-06-13,164,15
147,7,5,5,5,0,0,0,0,0,0,0,"wu4",20,6,2000,25,"k183",2000-06-20,171,15
147,7,0,0,0,0,0,0,0,0,0,0,"wu4",27,6,2000,26,"k183",2000-06-27,178,0
149,7,5,5,5,0,0,0,0,0,0,0,"wu4",4,7,2000,27,"k183",2000-07-04,185,15
150,7,5,5,5,0,0,0,0,0,0,0,"wu4",11,7,2000,28,"k183",2000-07-11,192,15
150,7,0,0,0,0,0,0,0,0,0,0,"wu4",18,7,2000,29,"k183",2000-07-18,199,0
151,7,5,5,5,0,0,0,0,0,0,0,"wu4",25,7,2000,30,"k183",2000-07-25,206,15
149,7,9,0,0,0,0,0,0,0,0,0,"wu4",1,8,2000,31,"k183",2000-08-01,213,9
152,7,0,0,0,0,0,0,0,0,0,0,"wu4",8,8,2000,32,"k183",2000-08-08,220,0
155,7,0,0,0,0,0,0,0,0,0,0,"wu4",14,8,2000,33,"k183",2000-08-14,226,0
152,7,0,0,0,0,0,0,0,0,0,0,"wu4",21,8,2000,34,"k183",2000-08-21,233,0
154,7,5,5,5,0,0,0,0,0,0,0,"wu4",28,8,2000,35,"k183",2000-08-28,240,15
155,7,5,5,5,0,0,0,0,0,0,0,"wu4",5,9,2000,36,"k183",2000-09-05,248,15
157,7,5,5,5,0,0,0,0,0,0,0,"wu3",12,9,2000,37,"k183",2000-09-12,255,15
157,7,0,0,0,0,0,0,0,0,0,0,"wu4",19,9,2000,38,"k183",2000-09-19,262,0
160,7,0,0,0,0,0,0,0,0,0,0,"wu4",26,9,2000,39,"k183",2000-09-26,269,0
158,7,5,5,5,0,0,0,0,0,0,0,"wu4",3,10,2000,40,"k183",2000-10-03,276,15
160,7,5,5,5,0,0,0,0,0,0,0,"wu4",10,10,2000,41,"k183",2000-10-10,283,15
161,7,5,5,5,0,0,0,0,0,0,0,"wu4",17,10,2000,42,"k183",2000-10-17,290,15
159,7,5,5,5,0,0,0,0,0,0,0,"wu4",24,10,2000,43,"k183",2000-10-24,297,15
160,7,5,5,5,0,0,0,0,0,0,0,"wu4",30,10,2000,44,"k183",2000-10-30,303,15
160,7,5,5,5,0,0,0,0,0,0,9,"wu4",7,11,2000,45,"k183",2000-11-07,311,24
154,7,5,5,5,0,0,0,0,0,0,0,"wu4",14,11,2000,46,"k183",2000-11-14,318,15
155,7,5,5,5,0,0,0,0,0,0,0,"wu4",21,11,2000,47,"k183",2000-11-21,325,15
142,5,5,5,5,9,9,0,0,0,0,0,"wu4",28,11,2000,48,"k183",2000-11-28,332,33
125,5,0,0,0,2,9,0,0,0,0,0,"wu4",5,12,2000,49,"k183",2000-12-05,339,11
123,7,0,9,2,2,5,3,0,0,0,0,"wu4",12,12,2000,50,"k183",2000-12-12,346,21
122,7,2,2,5,4,2,2,0,0,0,0,"wu4",18,12,2000,51,"k183",2000-12-18,352,17
121,7,2,1,4,4,5,5,4,0,0,0,"wu4",24,12,2000,52,"k183",2000-12-24,358,25
126,7,5,5,5,5,5,5,3,9,0,0,"wu4",2,1,2001,1,"k183",2001-01-02,1,42
126,7,5,5,5,5,5,5,4,1,0,0,"wu4",9,1,2001,2,"k183",2001-01-09,8,35
138,6,5,5,5,5,5,5,5,4,0,0,"wu4",16,1,2001,3,"k183",2001-01-16,15,39
145,6,5,5,5,5,5,5,5,4,0,0,"wu4",23,1,2001,4,"k183",2001-01-23,22,39
140,7,5,5,5,5,5,5,5,5,0,0,"wu4",30,1,2001,5,"k183",2001-01-30,29,40
137,7,5,5,5,5,5,5,5,5,0,0,"wu4",6,2,2001,6,"k183",2001-02-06,36,40
142,7,5,5,5,5,5,5,5,5,0,0,"wu4",13,2,2001,7,"k183",2001-02-13,43,40
133,6,5,5,5,5,5,5,5,5,5,9,"wu4",17,2,2001,16,"k183",2001-02-17,47,54
135,7,0,0,0,0,0,0,0,0,0,0,"wu4",20,2,2001,8,"k183",2001-02-20,50,0
135,7,0,0,0,0,0,0,0,0,0,0,"wu4",27,2,2001,9,"k183",2001-02-27,57,0
134,6,5,5,5,5,5,5,5,0,0,0,"wu4",6,3,2001,10,"k183",2001-03-06,64,35
110,7,5,5,5,5,5,5,5,5,5,9,"wu4",13,3,2001,11,"k183",2001-03-13,71,54
99,6,5,5,5,5,5,5,5,5,3,0,"wu4",20,3,2001,12,"k183",2001-03-20,78,43
100,6,5,5,5,5,5,5,5,5,3,0,"wu4",27,3,2001,13,"k183",2001-03-27,85,43
110,7,0,0,0,0,0,0,0,0,4,0,"wu4",3,4,2001,14,"k183",2001-04-03,92,4
133,7,5,5,5,5,5,5,5,5,5,0,"wu4",10,4,2001,15,"k183",2001-04-10,99,45
137,7,5,5,5,5,5,5,5,5,5,9,"wu4",24,4,2001,17,"k183",2001-04-24,113,54
137,7,5,5,5,5,5,5,5,5,5,3,"wu4",1,5,2001,18,"k183",2001-05-01,120,48
135,7,5,5,5,5,5,5,5,5,5,4,"wu4",8,5,2001,19,"k183",2001-05-08,127,49
130,6,0,0,0,0,0,0,0,0,0,0,"wu4",16,5,2001,20,"k183",2001-05-16,135,0
135,6,5,5,5,5,5,5,5,5,5,5,"wu4",22,5,2001,21,"k183",2001-05-22,141,50
139,7,0,0,0,0,0,0,0,0,0,0,"wu4",29,5,2001,22,"k183",2001-05-29,148,0
139,7,5,5,5,5,5,5,5,5,5,5,"wu4",5,6,2001,23,"k183",2001-06-05,155,50
138,7,5,5,5,5,5,5,5,5,5,5,"wu4",12,6,2001,24,"k183",2001-06-12,162,50
147,7,0,0,0,0,0,0,0,0,0,0,"wu4",19,6,2001,25,"k183",2001-06-19,169,0
144,7,0,0,0,0,0,0,0,0,0,0,"wu4",26,6,2001,26,"k183",2001-06-26,176,0
146,7,0,0,0,0,0,0,0,0,0,0,"wu4",3,7,2001,27,"k183",2001-07-03,183,0
142,7,0,0,0,0,0,0,0,0,0,0,"wu4",10,7,2001,28,"k183",2001-07-10,190,0
148,7,0,0,0,0,0,0,0,0,0,0,"wu4",17,7,2001,29,"k183",2001-07-17,197,0
145,7,0,0,0,0,0,0,0,0,0,0,"wu4",24,7,2001,30,"k183",2001-07-24,204,0
140,7,0,0,0,0,0,0,0,0,0,0,"wu4",31,7,2001,31,"k183",2001-07-31,211,0
146,7,0,0,0,0,0,0,0,0,0,0,"wu4",7,8,2001,32,"k183",2001-08-07,218,0
145,7,0,0,0,0,0,0,0,0,0,0,"wu4",14,8,2001,33,"k183",2001-08-14,225,0
143,7,0,0,0,0,0,0,0,0,0,0,"wu4",21,8,2001,34,"k183",2001-08-21,232,0
146,7,5,5,5,5,5,5,5,5,5,5,"wu4",28,8,2001,35,"k183",2001-08-28,239,50
143,7,5,5,5,5,5,5,5,5,5,5,"wu4",4,9,2001,36,"k183",2001-09-04,246,50
150,7,5,5,5,5,5,5,5,5,5,5,"wu4",11,9,2001,37,"k183",2001-09-11,253,50
150,7,5,5,5,5,5,5,5,5,5,5,"wu4",18,9,2001,38,"k183",2001-09-18,260,50
144,7,0,0,0,0,0,0,0,0,0,0,"wu4",25,9,2001,39,"k183",2001-09-25,267,0
141,7,0,0,0,0,0,0,0,0,0,0,"wu4",2,10,2001,40,"k183",2001-10-02,274,0
142,7,5,5,5,5,5,5,5,5,5,5,"wu4",9,10,2001,41,"k183",2001-10-09,281,50
145,7,5,5,5,5,5,5,5,5,5,5,"wu4",16,10,2001,42,"k183",2001-10-16,288,50
145,7,0,0,0,0,0,0,0,0,0,0,"wu4",23,10,2001,43,"k183",2001-10-23,295,0
146,7,0,0,0,0,0,0,0,0,0,0,"wu4",30,10,2001,44,"k183",2001-10-30,302,0
146,7,0,0,0,0,0,0,0,0,0,0,"wu4",6,11,2001,45,"k183",2001-11-06,309,0
150,7,0,0,0,0,0,0,0,0,0,0,"wu4",13,11,2001,46,"k183",2001-11-13,316,0
146,7,0,0,0,0,0,0,0,0,0,0,"wu4",20,11,2001,47,"k183",2001-11-20,323,0
148,7,0,0,0,0,0,0,0,0,0,0,"wu4",27,11,2001,48,"k183",2001-11-27,330,0
158,7,0,0,0,0,0,0,0,0,0,0,"wu4",3,12,2001,49,"k183",2001-12-03,336,0
146,7,0,0,0,0,0,0,0,0,0,0,"wu4",11,12,2001,50,"k183",2001-12-11,344,0
148,7,0,0,0,0,0,0,0,0,0,0,"wu4",18,12,2001,51,"k183",2001-12-18,351,0
154,6,5,5,5,5,5,0,0,0,0,0,"wu4",26,12,2001,52,"k183",2001-12-26,359,25
149,7,0,0,0,0,0,0,0,0,0,0,"wu4",2,1,2002,1,"k183",2002-01-02,1,0
142,7,0,0,0,0,0,0,0,0,0,0,"wu4",8,1,2002,2,"k183",2002-01-08,7,0
147,7,0,0,0,0,0,0,0,0,0,0,"wu4",15,1,2002,3,"k183",2002-01-15,14,0
141,7,0,0,0,0,0,0,0,0,0,0,"wu4",22,1,2002,4,"k183",2002-01-22,21,0
146,7,0,0,0,0,0,0,0,0,0,0,"wu4",29,1,2002,5,"k183",2002-01-29,28,0
143,7,0,0,0,0,0,0,0,0,0,0,"wu4",5,2,2002,6,"k183",2002-02-05,35,0
142,7,0,0,0,0,0,0,0,0,0,0,"wu4",12,2,2002,7,"k183",2002-02-12,42,0
142,7,0,0,0,0,0,0,0,0,0,0,"wu4",19,2,2002,8,"k183",2002-02-19,49,0
144,7,0,0,0,0,0,0,0,0,0,0,"wu4",26,2,2002,9,"k183",2002-02-26,56,0
142,7,0,0,0,0,0,0,0,0,0,0,"wu4",5,3,2002,10,"k183",2002-03-05,63,0
141,6,0,0,0,0,0,0,0,0,0,0,"wu4",12,3,2002,11,"k183",2002-03-12,70,0
140,7,0,0,0,0,0,0,0,0,0,0,"wu4",19,3,2002,12,"k183",2002-03-19,77,0
142,7,0,0,0,0,0,0,0,0,0,0,"wu4",26,3,2002,13,"k183",2002-03-26,84,0
141,7,0,0,0,0,0,0,0,0,0,0,"wu4",2,4,2002,14,"k183",2002-04-02,91,0
141,7,5,5,5,5,5,5,5,4,0,0,"wu4",9,4,2002,15,"k183",2002-04-09,98,39
143,7,0,0,0,0,0,0,0,0,0,0,"wu4",16,4,2002,16,"k183",2002-04-16,105,0
147,7,0,0,0,0,0,0,0,0,0,0,"wu4",23,4,2002,17,"k183",2002-04-23,112,0
141,6,0,0,0,0,0,0,0,0,0,0,"wu4",1,5,2002,18,"k183",2002-05-01,120,0
143,7,0,0,0,0,0,0,0,0,0,0,"wu4",7,5,2002,19,"k183",2002-05-07,126,0
146,7,0,0,0,0,0,0,0,0,0,0,"wu4",14,5,2002,20,"k183",2002-05-14,133,0
146,7,0,0,0,0,0,0,0,0,0,0,"wu4",21,5,2002,21,"k183",2002-05-21,140,0
141,7,0,0,0,0,0,0,0,0,0,0,"wu4",28,5,2002,22,"k183",2002-05-28,147,0
147,7,0,0,0,0,0,0,0,0,0,0,"wu4",4,6,2002,23,"k183",2002-06-04,154,0
146,7,0,0,0,0,0,0,0,0,0,0,"wu4",11,6,2002,24,"k183",2002-06-11,161,0
140,7,0,0,0,0,0,0,0,0,0,0,"wu4",18,6,2002,25,"k183",2002-06-18,168,0
141,6,0,0,0,0,0,0,0,0,0,0,"wu4",25,6,2002,26,"k183",2002-06-25,175,0
145,7,0,0,0,0,0,0,0,0,0,0,"wu4",2,7,2002,27,"k183",2002-07-02,182,0
145,7,0,0,0,0,0,0,0,0,0,0,"wu4",9,7,2002,28,"k183",2002-07-09,189,0
156,7,0,0,0,0,0,0,0,0,0,0,"wu4",16,7,2002,29,"k183",2002-07-16,196,0
143,7,0,0,0,0,0,0,0,0,0,0,"wu4",22,7,2002,30,"k183",2002-07-22,202,0
143,7,0,0,0,0,0,0,0,0,0,0,"wu4",30,7,2002,31,"k183",2002-07-30,210,0
146,7,0,0,0,0,0,0,0,0,0,0,"wu4",6,8,2002,32,"k183",2002-08-06,217,0
143,7,0,0,0,0,0,0,0,0,0,0,"wu4",13,8,2002,33,"k183",2002-08-13,224,0
137,6,0,0,0,0,0,0,0,0,0,0,"wu4",21,8,2002,34,"k183",2002-08-21,232,0
127,7,0,0,0,0,0,0,0,0,0,0,"wu4",27,8,2002,35,"k183",2002-08-27,238,0
121,7,1,1,1,1,1,1,0,0,0,0,"wu4",4,9,2002,36,"k183",2002-09-04,246,6
117,7,2,2,3,3,2,2,0,0,0,0,"wu4",10,9,2002,37,"k183",2002-09-10,252,14
116,6,4,4,4,4,3,3,0,0,0,0,"wu4",17,9,2002,38,"k183",2002-09-17,259,22
114,7,5,5,5,5,5,5,1,0,0,0,"wu4",26,9,2002,39,"k183",2002-09-26,268,31
110,7,5,5,5,5,5,5,4,0,0,0,"wu4",2,10,2002,40,"k183",2002-10-02,274,34
108,7,5,5,5,5,5,5,4,0,0,0,"wu4",8,10,2002,41,"k183",2002-10-08,280,34
106,7,0,0,0,0,0,0,0,0,0,0,"wu4",15,10,2002,42,"k183",2002-10-15,287,0
100,7,5,5,5,5,5,5,5,1,0,0,"wu4",23,10,2002,43,"k183",2002-10-23,295,36
103,6,5,5,5,5,5,5,5,1,0,0,"wu4",29,10,2002,44,"k183",2002-10-29,301,36
104,6,5,5,5,5,5,5,5,3,0,0,"wu4",5,11,2002,45,"k183",2002-11-05,308,38
101,7,5,5,5,5,5,5,5,4,0,1,"wu4",12,11,2002,46,"k183",2002-11-12,315,40
104,7,5,5,5,5,5,5,5,5,1,0,"wu4",19,11,2002,47,"k183",2002-11-19,322,41
105,7,5,5,5,5,5,5,5,5,3,0,"wu4",25,11,2002,48,"k183",2002-11-25,328,43
107,6,5,5,5,5,5,5,5,5,4,1,"wu4",3,12,2002,49,"k183",2002-12-03,336,45
105,6,0,0,0,0,0,0,0,0,0,1,"wu4",10,12,2002,50,"k183",2002-12-10,343,1
104,6,5,5,5,5,5,5,5,5,5,4,"wu4",17,12,2002,51,"k183",2002-12-17,350,49
106,5,5,5,5,5,5,5,5,5,5,3,"wu4",23,12,2002,52,"k183",2002-12-23,356,48
116,5,5,5,5,5,5,5,5,5,5,4,"wu4",31,12,2002,53,"k183",2002-12-31,364,49
109,3,5,5,5,5,5,5,3,0,0,0,"wu4",21,1,2003,3,"k183",2003-01-21,20,33
108,3,5,5,5,5,5,5,3,0,0,0,"wu4",28,1,2003,4,"k183",2003-01-28,27,33
109,3,5,5,5,5,5,5,5,5,5,5,"wu4",4,2,2003,5,"k183",2003-02-04,34,50
125,3,0,0,0,0,0,0,0,0,0,0,"wu4",11,2,2003,6,"k183",2003-02-11,41,0
113,4,0,0,0,0,0,0,0,0,0,0,"wu4",18,2,2003,7,"k183",2003-02-18,48,0
117,4,0,0,0,0,0,0,0,0,0,0,"wu4",25,2,2003,8,"k183",2003-02-25,55,0
115,4,5,5,5,5,5,5,5,5,5,5,"wu4",4,3,2003,9,"k183",2003-03-04,62,50
114,4,0,0,0,0,0,0,0,0,0,0,"wu4",11,3,2003,10,"k183",2003-03-11,69,0
117,6,0,0,0,0,0,0,0,0,0,0,"wu4",18,3,2003,11,"k183",2003-03-18,76,0
120,5,0,0,0,0,0,0,0,0,0,0,"wu4",25,3,2003,12,"k183",2003-03-25,83,0
119,5,0,0,0,0,0,0,0,0,0,0,"wu4",1,4,2003,13,"k183",2003-04-01,90,0
125,5,0,0,0,0,0,0,0,0,0,0,"wu4",8,4,2003,14,"k183",2003-04-08,97,0
122,6,0,0,0,0,0,0,0,0,0,0,"wu4",15,4,2003,15,"k183",2003-04-15,104,0
118,5,0,0,0,0,0,0,0,0,0,0,"wu4",22,4,2003,16,"k183",2003-04-22,111,0
117,6,0,0,0,0,0,0,0,0,0,0,"wu4",29,4,2003,17,"k183",2003-04-29,118,0
115,6,5,5,5,5,5,5,5,5,5,5,"wu4",6,5,2003,18,"k183",2003-05-06,125,50
115,7,5,5,5,5,5,5,5,5,5,5,"wu4",13,5,2003,19,"k183",2003-05-13,132,50
116,6,5,5,5,5,5,5,5,5,5,5,"wu4",20,5,2003,20,"k183",2003-05-20,139,50
118,6,0,0,0,0,0,0,0,0,0,0,"wu4",27,5,2003,21,"k183",2003-05-27,146,0
118,7,0,0,0,0,0,0,0,0,0,0,"wu4",3,6,2003,22,"k183",2003-06-03,153,0
118,6,1,0,0,0,0,0,0,0,0,0,"wu4",10,6,2003,23,"k183",2003-06-10,160,1
120,6,0,0,0,0,0,0,0,0,0,0,"wu4",17,6,2003,24,"k183",2003-06-17,167,0
119,6,0,0,0,0,0,0,0,0,0,0,"wu4",24,6,2003,25,"k183",2003-06-24,174,0
117,6,0,0,0,0,0,0,0,0,0,0,"wu4",1,7,2003,26,"k183",2003-07-01,181,0
119,6,0,0,0,0,0,0,0,0,0,0,"wu4",8,7,2003,27,"k183",2003-07-08,188,0
121,6,0,0,0,0,0,0,0,0,0,0,"wu4",15,7,2003,28,"k183",2003-07-15,195,0
127,6,0,0,0,0,0,0,0,0,0,0,"wu4",22,7,2003,29,"k183",2003-07-22,202,0
131,6,0,0,0,0,0,0,0,0,0,0,"wu4",29,7,2003,30,"k183",2003-07-29,209,0
136,6,0,0,0,0,0,0,0,0,0,0,"wu4",5,8,2003,31,"k183",2003-08-05,216,0
135,7,0,0,0,0,0,0,0,0,0,0,"wu4",12,8,2003,32,"k183",2003-08-12,223,0
138,7,0,0,0,0,0,0,0,0,0,0,"wu4",19,8,2003,33,"k183",2003-08-19,230,0
137,6,0,0,0,0,0,0,0,0,0,0,"wu4",26,8,2003,34,"k183",2003-08-26,237,0
138,6,0,0,0,0,0,0,0,0,0,0,"wu4",2,9,2003,35,"k183",2003-09-02,244,0
137,7,0,0,0,0,0,0,0,0,0,0,"wu4",9,9,2003,36,"k183",2003-09-09,251,0
137,6,0,0,0,0,0,0,0,0,0,0,"wu4",16,9,2003,37,"k183",2003-09-16,258,0
139,6,0,0,0,0,0,0,0,0,0,0,"wu4",23,9,2003,38,"k183",2003-09-23,265,0
141,6,0,0,0,0,0,0,0,0,0,0,"wu4",30,9,2003,39,"k183",2003-09-30,272,0
141,6,0,0,0,0,0,0,0,0,0,0,"wu4",7,10,2003,40,"k183",2003-10-07,279,0
142,6,0,0,0,0,0,0,0,0,0,0,"wu4",14,10,2003,41,"k183",2003-10-14,286,0
144,6,0,0,0,0,0,0,0,0,0,0,"wu4",21,10,2003,42,"k183",2003-10-21,293,0
142,6,0,0,0,0,0,0,0,0,0,0,"wu4",28,10,2003,43,"k183",2003-10-28,300,0
0,6,0,0,0,0,0,0,0,0,0,0,"wu4",4,11,2003,44,"k183",2003-11-04,307,0
143,6,0,0,0,0,0,0,0,0,0,0,"wu4",11,11,2003,45,"k183",2003-11-11,314,0
142,6,0,0,0,0,0,0,0,0,0,0,"wu4",18,11,2003,46,"k183",2003-11-18,321,0
141,6,0,0,0,0,0,0,0,0,0,0,"wu4",25,11,2003,47,"k183",2003-11-25,328,0
143,6,0,0,0,0,0,0,0,0,0,0,"wu4",2,12,2003,48,"k183",2003-12-02,335,0
144,6,0,0,0,0,0,0,0,0,0,0,"wu4",9,12,2003,49,"k183",2003-12-09,342,0
143,6,0,0,0,0,0,0,0,0,0,0,"wu4",16,12,2003,50,"k183",2003-12-16,349,0
145,6,0,0,0,0,0,0,0,0,0,0,"wu4",23,12,2003,51,"k183",2003-12-23,356,0
141,6,0,0,0,0,0,0,0,0,0,0,"wu4",30,12,2003,52,"k183",2003-12-30,363,0
142,6,0,0,0,0,0,0,0,0,0,0,"wu4",13,1,2004,2,"k183",2004-01-13,12,0
141,6,0,0,0,0,0,0,0,0,0,0,"wu4",20,1,2004,3,"k183",2004-01-20,19,0
139,6,0,0,0,0,0,0,0,0,0,0,"wu4",27,1,2004,4,"k183",2004-01-27,26,0
134,6,0,0,0,0,0,0,0,0,0,0,"wu4",3,2,2004,5,"k183",2004-02-03,33,0
134,5,0,0,0,0,0,0,0,0,0,0,"wu4",10,2,2004,6,"k183",2004-02-10,40,0
130,6,0,0,0,0,0,0,0,0,0,0,"wu4",17,2,2004,7,"k183",2004-02-17,47,0
131,6,0,0,0,0,0,0,0,0,0,0,"wu4",24,2,2004,8,"k183",2004-02-24,54,0
133,6,0,0,0,0,0,0,0,0,0,0,"wu4",2,3,2004,9,"k183",2004-03-02,61,0
137,6,0,0,0,0,0,0,0,0,0,0,"wu4",9,3,2004,10,"k183",2004-03-09,68,0
130,6,0,0,0,0,0,0,0,0,0,0,"wu4",16,3,2004,11,"k183",2004-03-16,75,0
136,7,0,0,0,0,0,0,0,0,0,0,"wu4",23,3,2004,12,"k183",2004-03-23,82,0
129,6,0,0,0,0,0,0,0,0,0,0,"wu4",30,3,2004,13,"k183",2004-03-30,89,0
138,7,0,0,0,0,0,0,0,0,0,0,"wu4",6,4,2004,14,"k183",2004-04-06,96,0
139,6,0,0,0,0,0,0,0,0,0,0,"wu4",13,4,2004,15,"k183",2004-04-13,103,0
136,6,0,0,0,0,0,0,0,0,0,0,"wu4",20,4,2004,16,"k183",2004-04-20,110,0
135,7,0,0,0,0,0,0,0,0,0,0,"wu4",27,4,2004,17,"k183",2004-04-27,117,0
130,7,0,1,0,0,0,0,0,0,0,0,"wu4",4,5,2004,18,"k183",2004-05-04,124,1
126,7,0,2,1,0,0,0,0,0,0,0,"wu4",11,5,2004,19,"k183",2004-05-11,131,3
124,7,0,4,2,1,0,0,0,0,0,0,"wu4",18,5,2004,20,"k183",2004-05-18,138,7
125,6,0,5,4,2,0,0,0,0,0,0,"wu4",25,5,2004,21,"k183",2004-05-25,145,11
125,6,0,5,5,4,0,0,0,0,0,0,"wu4",1,6,2004,22,"k183",2004-06-01,152,14
124,7,0,0,0,0,0,0,0,0,0,0,"wu4",8,6,2004,23,"k183",2004-06-08,159,0
124,7,0,0,0,0,0,0,0,0,0,0,"wu4",15,6,2004,24,"k183",2004-06-15,166,0
126,7,0,5,5,5,0,0,0,0,0,0,"wu4",22,6,2004,25,"k183",2004-06-22,173,15
129,7,0,5,5,5,0,0,0,0,0,0,"wu4",29,6,2004,26,"k183",2004-06-29,180,15
127,7,0,5,4,5,0,0,0,0,0,0,"wu4",6,7,2004,27,"k183",2004-07-06,187,14
100,7,0,0,0,0,0,0,0,0,0,0,"wu4",13,7,2004,28,"k183",2004-07-13,194,0
112,7,0,0,0,0,0,0,0,0,0,0,"wu4",20,7,2004,29,"k183",2004-07-20,201,0
127,7,0,0,0,0,0,0,0,0,0,0,"wu4",27,7,2004,30,"k183",2004-07-27,208,0
121,7,0,0,0,0,0,0,0,0,0,0,"wu4",3,8,2004,31,"k183",2004-08-03,215,0
99,7,0,0,0,0,0,0,0,0,0,0,"wu4",10,8,2004,32,"k183",2004-08-10,222,0
101,7,0,0,0,0,0,0,0,0,0,0,"wu4",17,8,2004,33,"k183",2004-08-17,229,0
123,7,0,0,0,0,0,0,0,0,0,0,"wu4",24,8,2004,34,"k183",2004-08-24,236,0
129,7,0,0,0,0,0,0,0,0,0,0,"wu4",31,8,2004,35,"k183",2004-08-31,243,0
136,6,0,0,0,0,0,0,0,0,0,0,"wu4",7,9,2004,36,"k183",2004-09-07,250,0
136,7,0,0,0,0,0,0,0,0,0,0,"wu4",14,9,2004,37,"k183",2004-09-14,257,0
136,7,0,0,0,0,0,0,0,0,0,0,"wu4",21,9,2004,38,"k183",2004-09-21,264,0
140,7,0,0,0,0,0,0,0,0,0,0,"wu4",28,9,2004,39,"k183",2004-09-28,271,0
130,7,0,0,0,0,0,0,0,0,0,0,"wu4",5,10,2004,40,"k183",2004-10-05,278,0
135,7,0,0,0,0,0,0,0,0,0,0,"wu4",12,10,2004,41,"k183",2004-10-12,285,0
126,6,1,0,0,0,0,0,0,0,0,0,"wu4",19,10,2004,42,"k183",2004-10-19,292,1
133,6,3,0,0,0,0,0,0,0,0,0,"wu4",26,10,2004,43,"k183",2004-10-26,299,3
133,6,0,0,0,0,0,0,0,0,0,0,"wu4",2,11,2004,44,"k183",2004-11-02,306,0
133,7,5,5,5,5,0,0,0,0,0,0,"wu4",9,11,2004,45,"k183",2004-11-09,313,20
127,7,0,0,0,0,0,0,0,0,0,0,"wu4",16,11,2004,46,"k183",2004-11-16,320,0
135,7,0,0,0,0,0,0,0,0,0,0,"wu4",23,11,2004,47,"k183",2004-11-23,327,0
136,7,4,0,0,0,0,0,0,0,0,0,"wu4",30,11,2004,48,"k183",2004-11-30,334,4
138,7,0,0,0,0,0,0,0,0,0,0,"wu4",7,12,2004,49,"k183",2004-12-07,341,0
140,7,0,0,0,0,0,0,0,0,0,0,"wu4",21,12,2004,51,"k183",2004-12-21,355,0
131,7,0,0,0,0,0,0,0,0,0,0,"wu4",28,12,2004,52,"k183",2004-12-28,362,0
126,7,0,0,0,0,0,0,0,0,0,0,"5",4,1,2005,1,"k183",2005-01-04,3,0
133,7,0,0,0,0,0,0,0,0,0,0,"5",11,1,2005,2,"k183",2005-01-11,10,0
138,7,0,0,0,0,0,0,0,0,0,0,"5",18,1,2005,3,"k183",2005-01-18,17,0
139,7,0,0,0,0,0,0,0,0,0,0,"5",25,1,2005,4,"k183",2005-01-25,24,0
143,7,0,0,0,0,0,0,0,0,0,0,"5",1,2,2005,5,"k183",2005-02-01,31,0
141,7,0,0,0,0,0,0,0,0,0,0,"5",8,2,2005,6,"k183",2005-02-08,38,0
142,7,0,0,0,0,0,0,0,0,0,0,"5",15,2,2005,7,"k183",2005-02-15,45,0
141,7,0,0,0,0,0,0,0,0,0,0,"5",22,2,2005,8,"k183",2005-02-22,52,0
140,7,0,0,0,0,0,0,0,0,0,0,"5",1,3,2005,9,"k183",2005-03-01,59,0
143,7,0,0,0,0,0,0,0,0,0,0,"5",8,3,2005,10,"k183",2005-03-08,66,0
141,7,0,0,0,0,0,0,0,0,0,0,"5",15,3,2005,11,"k183",2005-03-15,73,0
138,7,0,0,0,0,0,0,0,0,0,0,"5",22,3,2005,12,"k183",2005-03-22,80,0
142,7,0,0,0,0,0,0,0,0,0,0,"5",29,3,2005,13,"k183",2005-03-29,87,0
139,7,0,0,0,0,0,0,0,0,0,0,"5",5,4,2005,14,"k183",2005-04-05,94,0
142,7,0,0,0,0,0,0,0,0,0,0,"5",12,4,2005,15,"k183",2005-04-12,101,0
151,7,0,0,0,0,0,0,0,0,0,0,"5",19,4,2005,16,"k183",2005-04-19,108,0
158,7,0,0,0,0,0,0,0,0,0,0,"5",26,4,2005,17,"k183",2005-04-26,115,0
162,7,0,0,0,0,0,0,0,0,0,0,"5",3,5,2005,18,"k183",2005-05-03,122,0
160,7,0,0,0,0,0,0,0,0,0,0,"5",10,5,2005,19,"k183",2005-05-10,129,0
127,7,0,0,0,0,0,0,0,0,0,0,"5",17,5,2005,20,"k183",2005-05-17,136,0
104,7,0,0,0,0,0,0,0,0,0,0,"5",24,5,2005,21,"k183",2005-05-24,143,0
86,7,0,0,0,0,0,0,0,0,0,0,"5",31,5,2005,22,"k183",2005-05-31,150,0
114,7,0,0,0,0,0,0,0,0,0,0,"5",7,6,2005,23,"k183",2005-06-07,157,0
114,7,1,0,0,0,0,0,0,0,0,0,"5",14,6,2005,24,"k183",2005-06-14,164,1
114,5,0,1,1,1,1,0,0,0,0,0,"5",21,6,2005,25,"k183",2005-06-21,171,4
110,4,1,2,0,0,2,1,0,0,0,0,"5",28,6,2005,26,"k183",2005-06-28,178,6
109,3,4,4,4,4,4,2,1,0,0,0,"5",4,7,2005,27,"k183",2005-07-04,184,23
108,2,5,5,5,5,5,5,4,2,1,0,"5",19,7,2005,29,"k183",2005-07-19,199,37
107,2,5,5,5,5,5,5,5,3,1,0,"5",26,7,2005,30,"k183",2005-07-26,206,39
107,2,5,5,5,5,5,5,5,4,3,1,"3",2,8,2005,31,"k183",2005-08-02,213,43
123,2,5,5,5,5,5,5,5,5,4,3,"3",9,8,2005,32,"k183",2005-08-09,220,47
122,1,5,5,5,5,5,5,5,5,5,4,"3",16,8,2005,33,"k183",2005-08-16,227,49
123,2,5,5,5,5,5,5,5,5,5,4,"3",23,8,2005,34,"k183",2005-08-23,234,49
127,2,5,5,5,5,5,5,5,5,5,4,"3",30,8,2005,35,"k183",2005-08-30,241,49
128,2,5,5,5,5,5,5,5,5,5,5,"3",13,9,2005,37,"k183",2005-09-13,255,50
127,1,5,5,5,5,5,5,5,5,5,5,"3",20,9,2005,38,"k183",2005-09-20,262,50
128,2,5,5,5,5,5,5,5,5,5,5,"3",27,9,2005,39,"k183",2005-09-27,269,50
117,2,5,5,5,5,5,5,5,5,5,5,"3",11,10,2005,41,"k183",2005-10-11,283,50
113,1,5,5,5,5,5,5,5,5,5,5,"3",18,10,2005,42,"k183",2005-10-18,290,50
112,2,5,5,5,5,5,5,5,5,5,5,"3",25,10,2005,43,"k183",2005-10-25,297,50
106,1,5,5,5,5,5,5,5,5,5,5,"3",1,11,2005,44,"k183",2005-11-01,304,50
105,1,5,5,5,5,5,5,5,5,5,5,"3",8,11,2005,45,"k183",2005-11-08,311,50
106,1,0,0,0,0,0,0,0,0,0,0,"3",15,11,2005,46,"k183",2005-11-15,318,0
109,1,0,0,0,0,0,0,0,0,0,0,"3",22,11,2005,47,"k183",2005-11-22,325,0
109,1,0,0,0,0,0,0,0,0,0,0,"3",29,11,2005,48,"k183",2005-11-29,332,0
113,1,0,0,0,0,0,0,0,0,0,0,"3",13,12,2005,50,"k183",2005-12-13,346,0
113,1,0,0,0,0,0,0,0,0,0,0,"3",20,12,2005,51,"k183",2005-12-20,353,0
112,1,0,0,0,0,0,0,0,0,0,0,"3",27,12,2005,52,"k183",2005-12-27,360,0
112,1,0,0,0,0,0,0,0,0,0,0,"3",3,1,2006,1,"k183",2006-01-03,2,0
112,1,0,0,0,0,0,0,0,0,0,0,"3",10,1,2006,2,"k183",2006-01-10,9,0
110,1,0,0,0,0,0,0,0,0,0,0,"3",17,1,2006,3,"k183",2006-01-17,16,0
107,1,0,0,0,0,0,0,0,0,0,0,"3",24,1,2006,4,"k183",2006-01-24,23,0
103,1,0,0,0,0,0,0,0,0,0,0,"3",7,2,2006,6,"k183",2006-02-07,37,0
107,1,0,0,0,0,0,0,0,0,0,0,"3",14,2,2006,7,"k183",2006-02-14,44,0
104,1,0,0,0,0,0,0,0,0,0,0,"3",21,2,2006,8,"k183",2006-02-21,51,0
106,1,0,0,0,0,0,0,0,0,0,0,"3",7,3,2006,10,"k183",2006-03-07,65,0
107,1,0,0,0,0,0,0,0,0,0,0,"3",14,3,2006,11,"k183",2006-03-14,72,0
109,1,0,0,0,0,0,0,0,0,0,0,"3",21,3,2006,12,"k183",2006-03-21,79,0
105,2,0,0,0,0,0,0,0,0,0,0,"3",28,3,2006,13,"k183",2006-03-28,86,0
106,2,0,0,0,0,0,0,0,0,0,0,"3",4,4,2006,14,"k183",2006-04-04,93,0
106,2,0,0,0,0,0,0,0,0,0,0,"3",11,4,2006,15,"k183",2006-04-11,100,0
119,3,0,0,0,0,0,0,0,0,0,0,"3",18,4,2006,16,"k183",2006-04-18,107,0
126,3,0,0,0,0,0,0,0,0,0,0,"3",25,4,2006,17,"k183",2006-04-25,114,0
133,4,0,0,0,0,0,0,0,0,0,0,"3",2,5,2006,18,"k183",2006-05-02,121,0
138,4,0,0,0,0,0,0,0,0,0,0,"3",16,5,2006,20,"k183",2006-05-16,135,0
0,5,0,0,0,0,0,0,0,0,0,0,"3",30,5,2006,22,"k183",2006-05-30,149,0
157,4,0,0,0,0,0,0,0,0,0,0,"7",13,6,2006,24,"k183",2006-06-13,163,0
138,4,0,0,0,0,0,0,0,0,0,0,"7",27,6,2006,26,"k183",2006-06-27,177,0
123,4,0,0,0,0,0,0,0,0,0,0,"7",4,7,2006,27,"k183",2006-07-04,184,0
123,3,0,0,0,0,0,0,0,0,0,0,"7",11,7,2006,28,"k183",2006-07-11,191,0
127,3,0,0,0,0,0,0,0,0,0,0,"7",25,7,2006,30,"k183",2006-07-25,205,0
124,4,0,0,0,0,0,0,0,0,0,0,"7",1,8,2006,31,"k183",2006-08-01,212,0
129,3,0,0,0,0,0,0,0,0,0,0,"7",8,8,2006,32,"k183",2006-08-08,219,0
124,4,0,0,0,0,0,0,0,0,0,0,"7",22,8,2006,34,"k183",2006-08-22,233,0
130,4,1,1,1,0,0,0,0,0,0,0,"7",5,9,2006,36,"k183",2006-09-05,247,3
119,3,4,4,4,2,2,0,0,0,0,0,"7",19,9,2006,38,"k183",2006-09-19,261,16
106,3,5,5,5,5,5,4,2,1,0,0,"4",3,10,2006,40,"k183",2006-10-03,275,32
105,3,5,5,5,5,5,5,4,2,1,0,"4",17,10,2006,42,"k183",2006-10-17,289,37
109,3,5,5,5,5,5,5,5,4,1,0,"4",24,10,2006,43,"k183",2006-10-24,296,40
108,2,5,5,5,5,5,5,5,5,3,1,"4",31,10,2006,44,"k183",2006-10-31,303,44
109,1,5,5,5,5,5,5,5,5,4,3,"4",7,11,2006,45,"k183",2006-11-07,310,47
105,1,5,5,5,5,5,5,5,5,5,3,"4",14,11,2006,46,"k183",2006-11-14,317,48
105,1,0,0,0,0,0,0,0,0,0,0,"4",28,11,2006,48,"k183",2006-11-28,331,0
111,1,0,0,0,0,0,0,0,0,0,0,"4",5,12,2006,49,"k183",2006-12-05,338,0
116,1,0,0,0,0,0,0,0,0,0,0,"4",19,12,2006,51,"k183",2006-12-19,352,0
112,1,0,0,0,0,0,0,0,0,0,0,"4",2,1,2007,1,"k183",2007-01-02,1,0
112,1,5,5,5,5,5,5,5,5,5,5,"4",8,1,2007,2,"k183",2007-01-08,7,50
107,1,0,0,0,0,0,0,0,0,0,0,"4",16,1,2007,3,"k183",2007-01-16,15,0
114,2,0,0,0,0,0,0,0,0,0,0,"4",23,1,2007,4,"k183",2007-01-23,22,0
112,2,0,0,0,0,0,0,0,0,0,0,"4",30,1,2007,5,"k183",2007-01-30,29,0
109,2,0,0,0,0,0,0,0,0,0,0,"4",6,2,2007,6,"k183",2007-02-06,36,0
106,2,0,0,0,0,0,0,0,0,0,0,"4",12,2,2007,7,"k183",2007-02-12,42,0
103,2,0,0,0,0,0,0,0,0,0,0,"4",27,2,2007,9,"k183",2007-02-27,57,0
97,2,0,0,0,0,0,0,0,0,0,0,"4",13,3,2007,11,"k183",2007-03-13,71,0
102,2,0,0,0,0,0,0,0,0,0,0,"4",20,3,2007,12,"k183",2007-03-20,78,0
100,4,0,0,0,0,0,0,0,0,0,0,"4",27,3,2007,13,"k183",2007-03-27,85,0
107,4,0,0,0,0,0,0,0,0,0,0,"4",3,4,2007,14,"k183",2007-04-03,92,0
111,5,0,0,0,0,0,0,0,0,0,0,"4",10,4,2007,15,"k183",2007-04-10,99,0
117,5,0,0,0,0,0,0,0,0,0,0,"4",17,4,2007,16,"k183",2007-04-17,106,0
124,5,0,0,0,0,0,0,0,0,0,0,"4",1,5,2007,18,"k183",2007-05-01,120,0
138,6,0,0,0,0,0,0,0,0,0,0,"4",8,5,2007,19,"k183",2007-05-08,127,0
145,5,0,0,0,0,0,0,0,0,0,0,"4",15,5,2007,20,"k183",2007-05-15,134,0
157,6,0,0,0,0,0,0,0,0,0,0,"4",22,5,2007,21,"k183",2007-05-22,141,0
164,5,0,0,0,0,0,0,0,0,0,0,"4",29,5,2007,22,"k183",2007-05-29,148,0
159,6,0,0,0,0,0,0,0,0,0,0,"4",5,6,2007,23,"k183",2007-06-05,155,0
159,6,0,0,0,0,0,0,0,0,0,0,"4",12,6,2007,24,"k183",2007-06-12,162,0
154,6,0,0,0,0,0,0,0,0,0,0,"4",19,6,2007,25,"k183",2007-06-19,169,0
125,6,0,0,0,0,0,0,0,0,0,0,"4",26,6,2007,26,"k183",2007-06-26,176,0
100,6,0,0,0,0,0,0,0,0,0,0,"4",3,7,2007,27,"k183",2007-07-03,183,0
101,5,0,0,0,0,0,0,0,0,0,0,"4",10,7,2007,28,"k183",2007-07-10,190,0
110,6,0,0,0,0,0,0,0,0,0,0,"4",17,7,2007,29,"k183",2007-07-17,197,0
107,6,1,0,0,0,0,0,0,0,0,0,"4",24,7,2007,30,"k183",2007-07-24,204,1
106,5,1,2,1,0,0,0,0,0,0,0,"4",31,7,2007,31,"k183",2007-07-31,211,4
107,4,3,4,3,2,2,0,0,0,0,0,"4",7,8,2007,32,"k183",2007-08-07,218,14
107,3,5,5,5,4,2,1,0,0,0,0,"4",14,8,2007,33,"k183",2007-08-14,225,22
109,2,5,5,5,5,4,2,0,0,0,0,"4",21,8,2007,34,"k183",2007-08-21,232,26
105,2,5,5,5,5,5,4,1,0,0,0,"4",28,8,2007,35,"k183",2007-08-28,239,30
106,1,5,5,5,5,5,5,4,1,0,0,"4",4,9,2007,36,"k183",2007-09-04,246,35
102,2,5,5,5,5,5,5,5,3,1,0,"4",11,9,2007,37,"k183",2007-09-11,253,39
99,1,5,5,5,5,5,5,5,4,2,0,"4",18,9,2007,38,"k183",2007-09-18,260,41
103,1,5,5,5,5,5,5,5,5,3,1,"4",25,9,2007,39,"k183",2007-09-25,267,44
101,1,5,5,5,5,5,5,5,5,4,3,"4",2,10,2007,40,"k183",2007-10-02,274,47
98,1,5,5,5,5,5,5,5,5,5,3,"4",9,10,2007,41,"k183",2007-10-09,281,48
107,1,5,5,5,5,5,5,5,5,5,4,"4",16,10,2007,42,"k183",2007-10-16,288,49
103,1,5,5,5,5,5,5,5,5,5,5,"4",23,10,2007,43,"k183",2007-10-23,295,50
105,1,5,5,5,5,5,5,5,5,5,5,"4",30,10,2007,44,"k183",2007-10-30,302,50
105,1,5,5,5,5,5,5,5,5,5,5,"4",6,11,2007,45,"k183",2007-11-06,309,50
113,1,5,5,5,5,5,5,5,5,5,5,"4",20,11,2007,47,"k183",2007-11-20,323,50
113,1,5,5,5,5,5,5,5,5,5,5,"4",4,12,2007,49,"k183",2007-12-04,337,50
112,1,5,5,5,5,5,5,5,5,5,5,"4",12,12,2007,50,"k183",2007-12-12,345,50
110,1,5,5,5,5,5,5,5,5,5,5,"4",19,12,2007,51,"k183",2007-12-19,352,50
112,1,5,5,5,5,5,5,5,5,5,5,"4",25,12,2007,52,"k183",2007-12-25,358,50
112,1,5,5,5,5,5,5,5,5,5,5,"4",22,1,2008,4,"k183",2008-01-22,21,50
111,1,5,5,5,5,5,5,5,5,5,5,"4",29,1,2008,5,"k183",2008-01-29,28,50
111,1,5,5,5,5,5,5,5,5,5,5,"4",5,2,2008,6,"k183",2008-02-05,35,50
109,1,0,0,0,0,0,0,0,0,0,0,"4",12,2,2008,7,"k183",2008-02-12,42,0
107,1,0,0,0,0,0,0,0,0,0,0,"4",19,2,2008,8,"k183",2008-02-19,49,0
107,1,0,0,0,0,0,0,0,0,0,0,"4",26,2,2008,9,"k183",2008-02-26,56,0
105,2,0,0,0,0,0,0,0,0,0,0,"4",4,3,2008,10,"k183",2008-03-04,63,0
101,2,0,0,0,0,0,0,0,0,0,0,"4",18,3,2008,12,"k183",2008-03-18,77,0
102,3,0,0,0,0,0,0,0,0,0,0,"4",25,3,2008,13,"k183",2008-03-25,84,0
104,4,0,0,0,0,0,0,0,0,0,0,"4",1,4,2008,14,"k183",2008-04-01,91,0
102,5,0,0,0,0,0,0,0,0,0,0,"4",8,4,2008,15,"k183",2008-04-08,98,0
99,5,0,0,0,0,0,0,0,0,0,0,"4",15,4,2008,16,"k183",2008-04-15,105,0
109,6,0,0,0,0,0,0,0,0,0,0,"4",22,4,2008,17,"k183",2008-04-22,112,0
129,5,0,0,0,0,0,0,0,0,0,0,"4",29,4,2008,18,"k183",2008-04-29,119,0
139,6,0,0,0,0,0,0,0,0,0,0,"4",6,5,2008,19,"k183",2008-05-06,126,0
141,6,0,0,0,0,0,0,0,0,0,0,"4",13,5,2008,20,"k183",2008-05-13,133,0
162,6,0,0,0,0,0,0,0,0,0,0,"4",20,5,2008,21,"k183",2008-05-20,140,0
159,6,0,0,0,0,0,0,0,0,0,0,"4",27,5,2008,22,"k183",2008-05-27,147,0
164,6,0,0,0,0,0,0,0,0,0,0,"4",3,6,2008,23,"k183",2008-06-03,154,0
159,6,0,0,0,0,0,0,0,0,0,0,"4",10,6,2008,24,"k183",2008-06-10,161,0
155,6,0,0,0,0,0,0,0,0,0,0,"4",17,6,2008,25,"k183",2008-06-17,168,0
135,6,0,0,0,0,0,0,0,0,0,0,"4",24,6,2008,26,"k183",2008-06-24,175,0
113,6,0,0,0,0,0,0,0,0,0,0,"4",1,7,2008,27,"k183",2008-07-01,182,0
98,6,0,0,0,0,0,0,0,0,0,0,"4",8,7,2008,28,"k183",2008-07-08,189,0
106,6,0,0,0,0,0,0,0,0,0,0,"4",15,7,2008,29,"k183",2008-07-15,196,0
103,6,1,1,1,0,0,0,0,0,0,0,"4",22,7,2008,30,"k183",2008-07-22,203,3
103,6,2,2,2,1,0,0,0,0,0,0,"4",29,7,2008,31,"k183",2008-07-29,210,7
103,4,5,5,4,2,1,0,0,0,0,0,"4",5,8,2008,32,"k183",2008-08-05,217,17
104,3,5,5,5,5,4,2,1,0,0,0,"4",19,8,2008,34,"k183",2008-08-19,231,27
107,3,5,5,5,5,5,4,2,0,0,0,"4",26,8,2008,35,"k183",2008-08-26,238,31
106,2,5,5,5,5,5,5,4,1,0,0,"4",2,9,2008,36,"k183",2008-09-02,245,35
106,2,5,5,5,5,5,5,5,3,1,0,"4",9,9,2008,37,"k183",2008-09-09,252,39
105,1,5,5,5,5,5,5,5,4,2,1,"4",16,9,2008,38,"k183",2008-09-16,259,42
105,1,5,5,5,5,5,5,5,5,4,1,"4",23,9,2008,39,"k183",2008-09-23,266,45
103,1,5,5,5,5,5,5,5,5,4,3,"4",30,9,2008,40,"k183",2008-09-30,273,47
106,1,5,5,5,5,5,5,5,5,5,4,"4",7,10,2008,41,"k183",2008-10-07,280,49
111,1,5,5,5,5,5,5,5,5,5,4,"4",14,10,2008,42,"k183",2008-10-14,287,49
104,1,5,5,5,5,5,5,5,5,5,5,"4",21,10,2008,43,"k183",2008-10-21,294,50
106,1,5,5,5,5,5,5,5,5,5,5,"4",29,10,2008,44,"k183",2008-10-29,302,50
104,1,5,5,5,5,5,5,5,5,5,5,"4",4,11,2008,45,"k183",2008-11-04,308,50
103,1,5,5,5,5,5,5,5,5,5,5,"4",11,11,2008,46,"k183",2008-11-11,315,50
104,1,5,5,5,5,5,5,5,5,5,5,"4",18,11,2008,47,"k183",2008-11-18,322,50
103,1,5,5,5,5,5,5,5,5,5,5,"4",25,11,2008,48,"k183",2008-11-25,329,50
108,1,5,5,5,5,5,5,5,5,5,5,"4",2,12,2008,49,"k183",2008-12-02,336,50
109,1,5,5,5,5,5,5,5,5,5,5,"4",9,12,2008,50,"k183",2008-12-09,343,50
107,1,5,5,5,5,5,5,5,5,5,5,"4",16,12,2008,51,"k183",2008-12-16,350,50
109,1,5,5,5,5,5,5,5,5,5,5,"4",23,12,2008,52,"k183",2008-12-23,357,50
113,1,5,5,5,5,5,5,5,5,5,5,"4",6,1,2009,1,"k183",2009-01-06,5,50
109,1,5,5,5,5,5,5,5,5,5,5,"4",13,1,2009,2,"k183",2009-01-13,12,50
111,1,5,5,5,5,5,5,5,5,5,5,"4",20,1,2009,3,"k183",2009-01-20,19,50
111,1,0,0,0,0,0,0,0,0,0,0,"4",27,1,2009,4,"k183",2009-01-27,26,0
110,1,0,0,0,0,0,0,0,0,0,0,"4",10,2,2009,6,"k183",2009-02-10,40,0
108,1,0,0,0,0,0,0,0,0,0,0,"4",18,2,2009,7,"k183",2009-02-18,48,0
104,1,0,0,0,0,0,0,0,0,0,0,"4",24,2,2009,8,"k183",2009-02-24,54,0
102,1,0,0,0,0,0,0,0,0,0,0,"4",3,3,2009,9,"k183",2009-03-03,61,0
102,1,0,0,0,0,0,0,0,0,0,0,"4",11,3,2009,10,"k183",2009-03-11,69,0
101,1,0,0,0,0,0,0,0,0,0,0,"4",17,3,2009,11,"k183",2009-03-17,75,0
98,1,0,0,0,0,0,0,0,0,0,0,"4",24,3,2009,12,"k183",2009-03-24,82,0
99,2,0,0,0,0,0,0,0,0,0,0,"4",31,3,2009,13,"k183",2009-03-31,89,0
98,2,0,0,0,0,0,0,0,0,0,0,"4",7,4,2009,14,"k183",2009-04-07,96,0
100,3,0,0,0,0,0,0,0,0,0,0,"4",14,4,2009,15,"k183",2009-04-14,103,0
125,4,0,0,0,0,0,0,0,0,0,0,"4",28,4,2009,17,"k183",2009-04-28,117,0
142,4,0,0,0,0,0,0,0,0,0,0,"4",5,5,2009,18,"k183",2009-05-05,124,0
144,5,0,0,0,0,0,0,0,0,0,0,"4",12,5,2009,19,"k183",2009-05-12,131,0
152,5,0,0,0,0,0,0,0,0,0,0,"4",19,5,2009,20,"k183",2009-05-19,138,0
159,5,0,0,0,0,0,0,0,0,0,0,"4",26,5,2009,21,"k183",2009-05-26,145,0
155,5,0,0,0,0,0,0,0,0,0,0,"4",2,6,2009,22,"k183",2009-06-02,152,0
154,5,0,0,0,0,0,0,0,0,0,0,"4",9,6,2009,23,"k183",2009-06-09,159,0
120,5,0,0,0,0,0,0,0,0,0,0,"4",16,6,2009,24,"k183",2009-06-16,166,0
108,4,0,0,0,0,0,0,0,0,0,0,"4",23,6,2009,25,"k183",2009-06-23,173,0
105,7,0,0,0,0,0,0,0,0,0,0,"4",30,6,2009,26,"k183",2009-06-30,180,0
99,6,0,0,0,0,0,0,0,0,0,0,"4",7,7,2009,27,"k183",2009-07-07,187,0
99,4,0,0,0,0,0,0,0,0,0,0,"4",14,7,2009,28,"k183",2009-07-14,194,0
100,5,0,0,0,0,0,0,0,0,0,0,"4",21,7,2009,29,"k183",2009-07-21,201,0
99,4,0,0,0,0,0,0,0,0,0,0,"4",28,7,2009,30,"k183",2009-07-28,208,0
95,4,0,0,0,0,0,0,0,0,0,0,"4",4,8,2009,31,"k183",2009-08-04,215,0
99,4,1,0,0,0,0,0,0,0,0,0,"4",11,8,2009,32,"k183",2009-08-11,222,1
97,3,2,2,1,1,0,0,0,0,0,0,"4",18,8,2009,33,"k183",2009-08-18,229,6
97,5,5,5,4,1,1,0,0,0,0,0,"4",25,8,2009,34,"k183",2009-08-25,236,16
98,3,5,5,5,4,3,1,0,0,0,0,"4",2,9,2009,35,"k183",2009-09-02,244,23
106,3,5,5,5,5,5,5,5,3,1,0,"4",8,9,2009,36,"k183",2009-09-08,250,39
99,3,5,5,5,5,5,4,2,0,0,0,"4",15,9,2009,37,"k183",2009-09-15,257,31
101,2,5,5,5,5,5,5,4,2,0,0,"4",22,9,2009,38,"k183",2009-09-22,264,36
98,2,5,5,5,5,5,5,5,4,2,0,"4",6,10,2009,40,"k183",2009-10-06,278,41
97,2,5,5,5,5,5,5,5,5,3,1,"4",13,10,2009,41,"k183",2009-10-13,285,44
98,2,5,5,5,5,5,5,5,5,4,2,"4",20,10,2009,42,"k183",2009-10-20,292,46
96,2,5,5,5,5,5,5,5,5,5,3,"4",27,10,2009,43,"k183",2009-10-27,299,48
99,2,5,5,5,5,5,5,5,5,5,4,"4",3,11,2009,44,"k183",2009-11-03,306,49
101,2,5,5,5,5,5,5,5,5,5,5,"4",10,11,2009,45,"k183",2009-11-10,313,50
100,2,5,5,5,5,5,5,5,5,5,5,"4",17,11,2009,46,"k183",2009-11-17,320,50
104,2,5,5,5,5,5,5,5,5,5,5,"4",24,11,2009,47,"k183",2009-11-24,327,50
102,2,5,5,5,5,5,5,5,5,5,1,"8",24,11,2009,47,"k183",2009-11-24,327,46
102,3,5,5,5,5,5,5,5,5,5,5,"4",8,12,2009,49,"k183",2009-12-08,341,50
104,2,5,5,5,5,5,5,5,5,5,5,"4",15,12,2009,50,"k183",2009-12-15,348,50
107,1,5,5,5,5,5,5,5,5,5,5,"4",22,12,2009,51,"k183",2009-12-22,355,50
111,2,5,5,5,5,5,5,5,5,5,5,"4",29,12,2009,52,"k183",2009-12-29,362,50
107,2,0,0,0,0,0,0,0,0,0,0,"4",5,1,2010,1,"k183",2010-01-05,4,0
106,2,0,0,0,0,0,0,0,0,0,0,"4",12,1,2010,2,"k183",2010-01-12,11,0
106,2,0,0,0,0,0,0,0,0,0,0,"4",19,1,2010,3,"k183",2010-01-19,18,0
105,2,0,0,0,0,0,0,0,0,0,0,"4",26,1,2010,4,"k183",2010-01-26,25,0
103,2,0,0,0,0,0,0,0,0,0,0,"4",2,2,2010,5,"k183",2010-02-02,32,0
98,2,0,0,0,0,0,0,0,0,0,0,"4",9,2,2010,6,"k183",2010-02-09,39,0
101,2,0,0,0,0,0,0,0,0,0,0,"4",16,2,2010,7,"k183",2010-02-16,46,0
99,2,0,0,0,0,0,0,0,0,0,0,"4",23,2,2010,8,"k183",2010-02-23,53,0
95,2,0,0,0,0,0,0,0,0,0,0,"4",2,3,2010,9,"k183",2010-03-02,60,0
95,2,0,0,0,0,0,0,0,0,0,0,"4",9,3,2010,10,"k183",2010-03-09,67,0
97,2,0,0,0,0,0,0,0,0,0,0,"5",16,3,2010,11,"k183",2010-03-16,74,0
97,2,0,0,0,0,0,0,0,0,0,0,"5",23,3,2010,12,"k183",2010-03-23,81,0
96,2,0,0,0,0,0,0,0,0,0,0,"5",30,3,2010,13,"k183",2010-03-30,88,0
97,2,0,0,0,0,0,0,0,0,0,0,"5",6,4,2010,14,"k183",2010-04-06,95,0
109,2,0,0,0,0,0,0,0,0,0,0,"5",13,4,2010,15,"k183",2010-04-13,102,0
105,2,0,0,0,0,0,0,0,0,0,0,"5",20,4,2010,16,"k183",2010-04-20,109,0
134,2,0,0,0,0,0,0,0,0,0,0,"5",27,4,2010,17,"k183",2010-04-27,116,0
146,2,0,0,0,0,0,0,0,0,0,0,"5",4,5,2010,18,"k183",2010-05-04,123,0
156,3,0,0,0,0,0,0,0,0,0,0,"5",11,5,2010,19,"k183",2010-05-11,130,0
170,2,0,0,0,0,0,0,0,0,0,0,"5",18,5,2010,20,"k183",2010-05-18,137,0
175,2,0,0,0,0,0,0,0,0,0,0,"5",25,5,2010,21,"k183",2010-05-25,144,0
173,3,0,0,0,0,0,0,0,0,0,0,"5",1,6,2010,22,"k183",2010-06-01,151,0
134,2,0,0,0,0,0,0,0,0,0,0,"5",8,6,2010,23,"k183",2010-06-08,158,0
110,2,0,0,0,0,0,0,0,0,0,0,"5",15,6,2010,24,"k183",2010-06-15,165,0
93,2,0,0,0,0,0,0,0,0,0,0,"5",22,6,2010,25,"k183",2010-06-22,172,0
109,3,0,0,0,0,0,0,0,0,0,0,"5",29,6,2010,26,"k183",2010-06-29,179,0
116,2,0,0,0,0,0,0,0,0,0,0,"5",6,7,2010,27,"k183",2010-07-06,186,0
110,2,0,0,0,0,0,0,0,0,0,0,"5",13,7,2010,28,"k183",2010-07-13,193,0
122,2,0,0,0,0,0,0,0,0,0,0,"5",20,7,2010,29,"k183",2010-07-20,200,0
128,2,0,0,0,0,0,0,0,0,0,0,"5",27,7,2010,30,"k183",2010-07-27,207,0
130,2,0,0,0,0,0,0,0,0,0,0,"5",3,8,2010,31,"k183",2010-08-03,214,0
128,2,0,0,0,0,0,0,0,0,0,0,"5",17,8,2010,33,"k183",2010-08-17,228,0
126,2,0,0,0,0,0,0,0,0,0,0,"5",24,8,2010,34,"k183",2010-08-24,235,0
125,2,5,5,5,5,5,5,5,5,5,5,"5",31,8,2010,35,"k183",2010-08-31,242,50
123,2,0,0,0,0,0,0,0,0,0,0,"5",7,9,2010,36,"k183",2010-09-07,249,0
118,2,1,1,1,0,0,0,0,0,0,0,"5",14,9,2010,37,"k183",2010-09-14,256,3
106,2,2,2,2,1,1,0,0,0,0,0,"5",21,9,2010,38,"k183",2010-09-21,263,8
99,2,4,4,4,4,2,1,0,0,0,0,"5",28,9,2010,39,"k183",2010-09-28,270,19
101,2,5,5,5,5,4,2,0,0,0,0,"5",5,10,2010,40,"k183",2010-10-05,277,26
97,2,5,5,5,5,5,4,2,0,0,0,"5",12,10,2010,41,"k183",2010-10-12,284,31
100,2,5,5,5,5,5,5,3,0,0,0,"5",19,10,2010,42,"k183",2010-10-19,291,33
97,2,5,5,5,5,5,5,4,0,0,0,"5",26,10,2010,43,"k183",2010-10-26,298,34
97,2,5,5,5,5,5,5,5,1,0,0,"5",2,11,2010,44,"k183",2010-11-02,305,36
98,2,5,5,5,5,5,5,5,2,0,0,"5",9,11,2010,45,"k183",2010-11-09,312,37
105,2,5,5,5,5,5,5,5,3,0,0,"5",16,11,2010,46,"k183",2010-11-16,319,38
106,2,5,5,5,5,5,5,4,1,0,0,"5",23,11,2010,47,"k183",2010-11-23,326,35
103,2,5,5,5,5,5,5,5,5,2,0,"5",30,11,2010,48,"k183",2010-11-30,333,42
107,2,5,5,5,5,5,5,5,5,4,2,"5",14,12,2010,50,"k183",2010-12-14,347,46
106,2,5,5,5,5,5,5,5,5,5,3,"5",21,12,2010,51,"k183",2010-12-21,354,48
107,2,5,5,5,5,5,5,5,5,5,4,"5",28,12,2010,52,"k183",2010-12-28,361,49
108,2,0,0,0,0,0,0,0,0,0,0,"5",11,1,2011,2,"k183",2011-01-11,10,0
109,2,0,0,0,0,0,0,0,0,0,0,"5",18,1,2011,3,"k183",2011-01-18,17,0
109,2,0,0,0,0,0,0,0,0,0,0,"5",25,1,2011,4,"k183",2011-01-25,24,0
109,2,0,0,0,0,0,0,0,0,0,0,"5",1,2,2011,5,"k183",2011-02-01,31,0
112,2,0,0,0,0,0,0,0,0,0,0,"5",8,2,2011,6,"k183",2011-02-08,38,0
110,2,0,0,0,0,0,0,0,0,0,0,"5",15,2,2011,7,"k183",2011-02-15,45,0
105,2,0,0,0,0,0,0,0,0,0,0,"5",1,3,2011,9,"k183",2011-03-01,59,0
98,2,0,0,0,0,0,0,0,0,0,0,"5",8,3,2011,10,"k183",2011-03-08,66,0
98,2,0,0,0,0,0,0,0,0,0,0,"5",15,3,2011,11,"k183",2011-03-15,73,0
99,2,0,0,0,0,0,0,0,0,0,0,"5",22,3,2011,12,"k183",2011-03-22,80,0
98,2,0,0,0,0,0,0,0,0,0,0,"5",29,3,2011,13,"k183",2011-03-29,87,0
96,1,0,0,0,0,0,0,0,0,0,0,"5",5,4,2011,14,"k183",2011-04-05,94,0
93,2,0,0,0,0,0,0,0,0,0,0,"5",12,4,2011,15,"k183",2011-04-12,101,0
98,2,0,0,0,0,0,0,0,0,0,0,"5",18,4,2011,16,"k183",2011-04-18,107,0
97,2,0,0,0,0,0,0,0,0,0,0,"wu5",26,4,2011,17,"k183",2011-04-26,115,0
118,2,0,0,0,0,0,0,0,0,0,0,"5",3,5,2011,18,"k183",2011-05-03,122,0
147,2,0,0,0,0,0,0,0,0,0,0,"5",10,5,2011,19,"k183",2011-05-10,129,0
159,4,0,0,0,0,0,0,0,0,0,0,"5",17,5,2011,20,"k183",2011-05-17,136,0
161,2,0,0,0,0,0,0,0,0,0,0,"5",24,5,2011,21,"k183",2011-05-24,143,0
163,3,0,0,0,0,0,0,0,0,0,0,"5",31,5,2011,22,"k183",2011-05-31,150,0
147,4,0,0,0,0,0,0,0,0,0,0,"5",7,6,2011,23,"k183",2011-06-07,157,0
114,3,0,0,0,0,0,0,0,0,0,0,"5",14,6,2011,24,"k183",2011-06-14,164,0
109,5,0,0,0,0,0,0,0,0,0,0,"5",20,6,2011,25,"k183",2011-06-20,170,0
105,4,0,0,0,0,0,0,0,0,0,0,"5",27,6,2011,26,"k183",2011-06-27,177,0
102,4,0,0,0,0,0,0,0,0,0,0,"5",5,7,2011,27,"k183",2011-07-05,185,0
107,3,0,0,0,0,0,0,0,0,0,0,"5",12,7,2011,28,"k183",2011-07-12,192,0
121,3,0,0,0,0,0,0,0,0,0,0,"5",19,7,2011,29,"k183",2011-07-19,199,0
125,2,0,0,0,0,0,0,0,0,0,0,"5",26,7,2011,30,"k183",2011-07-26,206,0
124,3,0,0,0,0,0,0,0,0,0,0,"5",2,8,2011,31,"k183",2011-08-02,213,0
128,2,0,0,0,0,0,0,0,0,0,0,"5",9,8,2011,32,"k183",2011-08-09,220,0
134,3,0,0,0,0,0,0,0,0,0,0,"wu5",16,8,2011,33,"k183",2011-08-16,227,0
131,3,0,0,0,0,0,0,0,0,0,0,"wu5",23,8,2011,34,"k183",2011-08-23,234,0
121,3,0,0,0,0,0,0,0,0,0,0,"wu5",30,8,2011,35,"k183",2011-08-30,241,0
134,2,4,0,0,0,0,0,0,0,0,0,"wu5",6,9,2011,36,"k183",2011-09-06,248,4
129,3,1,1,1,0,0,0,0,0,0,0,"wu5",13,9,2011,37,"k183",2011-09-13,255,3
117,3,3,4,3,1,1,0,0,0,0,0,"wu5",20,9,2011,38,"k183",2011-09-20,262,12
109,3,5,5,5,3,2,1,0,0,0,0,"wu5",27,9,2011,39,"k183",2011-09-27,269,21
118,2,5,5,5,5,4,3,1,0,0,0,"wu5",4,10,2011,40,"k183",2011-10-04,276,28
99,2,5,5,5,5,5,4,2,0,0,0,"wu1",11,10,2011,41,"k183",2011-10-11,283,31
107,2,5,5,5,5,5,5,4,1,0,0,"wu1",11,10,2011,42,"k183",2011-10-11,283,35
113,2,5,5,5,5,5,5,5,4,2,1,"wu1",1,11,2011,44,"k183",2011-11-01,304,42
113,1,5,5,5,5,5,5,5,5,3,2,"8",8,11,2011,45,"k183",2011-11-08,311,45
115,1,5,5,5,5,5,5,5,5,4,3,"8",15,11,2011,46,"k183",2011-11-15,318,47
108,1,5,5,5,5,5,5,5,5,5,4,"8",22,11,2011,47,"k183",2011-11-22,325,49
107,1,5,5,5,5,5,5,5,5,5,5,"8",6,12,2011,49,"k183",2011-12-06,339,50
103,1,5,5,5,5,5,5,5,5,5,5,"8",20,12,2011,51,"k183",2011-12-20,353,50
106,1,5,5,5,5,5,5,5,5,5,5,"8",10,1,2012,2,"k183",2012-01-10,9,50
103,1,5,5,5,5,5,5,5,5,5,5,"8",31,1,2012,5,"k183",2012-01-31,30,50
99,1,5,5,5,5,5,5,5,5,5,5,"8",14,2,2012,7,"k183",2012-02-14,44,50
105,1,0,0,0,0,0,0,0,0,0,0,"8",28,2,2012,9,"k183",2012-02-28,58,0
102,1,0,0,0,0,0,0,0,0,0,0,"8",6,3,2012,10,"k183",2012-03-06,65,0
100,1,0,0,0,0,0,0,0,0,0,0,"8",12,3,2012,11,"k183",2012-03-12,71,0
96,1,0,0,0,0,0,0,0,0,0,0,"8",20,3,2012,12,"k183",2012-03-20,79,0
99,1,0,0,0,0,0,0,0,0,0,0,"8",3,4,2012,14,"k183",2012-04-03,93,0
112,1,0,0,0,0,0,0,0,0,0,0,"8",10,4,2012,15,"k183",2012-04-10,100,0
111,1,0,0,0,0,0,0,0,0,0,0,"8",17,4,2012,16,"k183",2012-04-17,107,0
107,1,0,0,0,0,0,0,0,0,0,0,"8",24,4,2012,17,"k183",2012-04-24,114,0
99,2,0,0,0,0,0,0,0,0,0,0,"8",1,5,2012,18,"k183",2012-05-01,121,0
132,4,0,0,0,0,0,0,0,0,0,0,"8",8,5,2012,19,"k183",2012-05-08,128,0
148,5,0,0,0,0,0,0,0,0,0,0,"8",15,5,2012,20,"k183",2012-05-15,135,0
155,4,0,0,0,0,0,0,0,0,0,0,"8",21,5,2012,21,"k183",2012-05-21,141,0
155,4,0,0,0,0,0,0,0,0,0,0,"8",29,5,2012,22,"k183",2012-05-29,149,0
157,4,0,0,0,0,0,0,0,0,0,0,"8",5,6,2012,23,"k183",2012-06-05,156,0
151,6,0,0,0,0,0,0,0,0,0,0,"8",12,6,2012,24,"k183",2012-06-12,163,0
122,4,0,0,0,0,0,0,0,0,0,0,"8",19,6,2012,25,"k183",2012-06-19,170,0
116,4,0,0,0,0,0,0,0,0,0,0,"8",26,6,2012,26,"k183",2012-06-26,177,0
100,4,0,0,0,0,0,0,0,0,0,0,"8",10,7,2012,28,"k183",2012-07-10,191,0
97,4,0,0,0,0,0,0,0,0,0,0,"7",17,7,2012,29,"k183",2012-07-17,198,0
101,4,0,0,0,0,0,0,0,0,0,0,"8",24,7,2012,30,"k183",2012-07-24,205,0
109,3,0,0,0,0,0,0,0,0,0,0,"6",27,7,2012,27,"k183",2012-07-27,208,0
95,4,0,0,0,0,0,0,0,0,0,0,"8",2,8,2012,31,"k183",2012-08-02,214,0
69,4,0,0,0,0,0,0,0,0,0,0,"8",7,8,2012,32,"k183",2012-08-07,219,0
95,4,0,0,0,0,0,0,0,0,0,0,"8",14,8,2012,33,"k183",2012-08-14,226,0
98,4,0,0,0,0,0,0,0,0,0,0,"8",21,8,2012,34,"k183",2012-08-21,233,0
97,3,1,1,1,0,0,0,0,0,0,0,"8",28,8,2012,35,"k183",2012-08-28,240,3
95,3,3,4,3,1,0,0,0,0,0,0,"8",6,9,2012,36,"k183",2012-09-06,249,11
94,7,5,5,5,4,2,0,0,0,0,0,"8",18,9,2012,38,"k183",2012-09-18,261,21
93,3,5,5,5,5,3,2,0,0,0,0,"8",25,9,2012,39,"k183",2012-09-25,268,25
93,3,5,5,5,5,5,5,3,0,0,0,"8",2,10,2012,40,"k183",2012-10-02,275,33
98,4,5,5,5,5,5,4,0,0,0,0,"8",9,10,2012,41,"k183",2012-10-09,282,29
97,2,5,5,5,5,5,5,1,0,0,0,"8",16,10,2012,42,"k183",2012-10-16,289,31
99,3,5,5,5,5,5,5,2,0,0,0,"8",23,10,2012,43,"k183",2012-10-23,296,32
96,3,5,5,5,5,5,5,0,0,0,0,"8",30,10,2012,44,"k183",2012-10-30,303,30
99,3,5,5,5,5,5,5,4,0,0,0,"8",6,11,2012,45,"k183",2012-11-06,310,34
99,3,5,5,5,5,5,5,0,0,0,0,"8",13,11,2012,46,"k183",2012-11-13,317,30
98,3,5,5,5,5,5,5,4,0,0,0,"8",20,11,2012,47,"k183",2012-11-20,324,34
98,3,5,5,5,5,5,5,4,0,0,0,"8",27,11,2012,48,"k183",2012-11-27,331,34
98,3,5,5,5,5,5,5,5,5,5,5,"8",4,12,2012,49,"k183",2012-12-04,338,50
98,3,5,5,5,5,5,5,5,5,5,5,"8",11,12,2012,50,"k183",2012-12-11,345,50
102,3,0,0,0,0,0,0,0,0,0,0,"7",8,1,2013,2,"k183",2013-01-08,7,0
103,3,0,0,0,0,0,0,0,0,0,0,"8",15,1,2013,3,"k183",2013-01-15,14,0
98,3,0,0,0,0,0,0,0,0,0,0,"8",5,2,2013,6,"k183",2013-02-05,35,0
96,3,0,0,0,0,0,0,0,0,0,0,"8",12,2,2013,7,"k183",2013-02-12,42,0
95,3,0,0,0,0,0,0,0,0,0,0,"8",19,2,2013,8,"k183",2013-02-19,49,0
93,3,0,0,0,0,0,0,0,0,0,0,"8",26,2,2013,9,"k183",2013-02-26,56,0
97,2,0,0,0,0,0,0,0,0,0,0,"8",5,3,2013,10,"k183",2013-03-05,63,0
103,3,0,0,0,0,0,0,0,0,0,0,"8",11,3,2013,11,"k183",2013-03-11,69,0
101,3,0,0,0,0,0,0,0,0,0,0,"8",26,3,2013,13,"k183",2013-03-26,84,0
94,2,0,0,0,0,0,0,0,0,0,0,"8",4,4,2013,14,"k183",2013-04-04,93,0
100,3,0,0,0,0,0,0,0,0,0,0,"8",9,4,2013,15,"k183",2013-04-09,98,0
99,3,0,0,0,0,0,0,0,0,0,0,"8",16,4,2013,16,"k183",2013-04-16,105,0
99,2,0,0,0,0,0,0,0,0,0,0,"8",23,4,2013,17,"k183",2013-04-23,112,0
104,3,0,0,0,0,0,0,0,0,0,0,"8",7,5,2013,19,"k183",2013-05-07,126,0
128,3,0,0,0,0,0,0,0,0,0,0,"8",14,5,2013,20,"k183",2013-05-14,133,0
131,4,0,0,0,0,0,0,0,0,0,0,"8",21,5,2013,21,"k183",2013-05-21,140,0
100,3,0,0,0,0,0,0,0,0,0,0,"8",28,5,2013,22,"k183",2013-05-28,147,0
99,2,0,0,0,0,0,0,0,0,0,0,"8",4,6,2013,23,"k183",2013-06-04,154,0
